ipo_status;ticker_code;image;company_name;sector;subsector;listing_board;final_price;line_of_business;address;website;number_of_shares_offered;%_of_total_shares;participant_admin.code;participant_admin.name;book_building_opening;book_building_closing;lowest_book_building_price;highest_book_building_price;opening_of_offering_period;closing_of_offering_period;closing_date;distribution_date;listing_date;ara_arb_percentage;underwriters;warrant.code;warrant.per_share_ratio;warrant.exercise_price_(rp);warrant.open;warrant.high;warrant.low;warrant.close;listing_price.open;listing_price.high;listing_price.low;listing_price.close;listing_price.change;listing_price.percentage_change;listing_price.volume;performa.1D;performa.1W;performa.1M;performa.6M;performa.1Y;performa.updated_at;performa.source;fundamental.aset_percentage;fundamental.liabilitas_percentage;fundamental.pendapatan_percentage;fundamental.laba_bersih_percentage;fundamental.updated_at;fundamental.source
Canceled;FAMA;;PT Bank Fama International Tbk;Properties & Real Estate;;;;Bank Umum Swasta Non Devisa;Jl, Asia Afrika No,115 Bandung - Jawa Barat, 40112;http://www.bankfama.co.id;1312105000;24.0;AR;BINAARTHA SEKURITAS;09/12/2020;17/12/2020;298;328;;;;;;35%;"[{""code"": ""AR"", ""name"": ""BINAARTHA SEKURITAS"", ""percentage"": """"}]";;0.0;;;;;;;;;;;;;;;;;;31 Juli 2024;https://www.idx.co.id/id/perusahaan-tercatat/kinerja-saham-tercatat-baru/;;;;;31 Juli 2024;https://www.idx.co.id/id/perusahaan-tercatat/kinerja-saham-tercatat-baru/
Closed;UNIQ;;PT Ulima Nitra Tbk;Energy;Oil, Gas & Coal Equipment & Services;Utama;118.0;Jasa Pertambangan dan Jasa Sewa Menyewa Peralatan Pertambangan;JL, Betet No, 28 RT 22/ RW 9, 9 Ilir, Ilir Timur II, Palembang, Sumatera Selatan, 30113;https://www.ulimanitra.co.id;300000000;9.56;SF;SURYA FAJAR SEKURITAS;17/02/2021;19/02/2021;115;118;02/03/2021;04/03/2021;04/03/2021;05/03/2021;08/03/2021;35%;"[{""code"": ""SF"", ""name"": ""SURYA FAJAR SEKURITAS"", ""percentage"": """"}]";;0.0;;;;;;159.0;159.0;159.0;159.0;41.0;34.75%;250613700.0;35%;35%;5%;-25%;-30%;31 Juli 2024;https://www.idx.co.id/id/perusahaan-tercatat/kinerja-saham-tercatat-baru/;13%;24%;33%;-342%;31 Juli 2024;https://www.idx.co.id/id/perusahaan-tercatat/kinerja-saham-tercatat-baru/
Closed;ARCI;;PT Archi Indonesia Tbk;Basic Materials;Gold;Pengembangan;750.0;Perusahaan holding di bidang pertambangan mineral (antara lain, emas dan perak);Menara Rajawali, Lantai 19, Jl, DR Ide Anak Agung Gde Agung Lot #5,1, Kawasan Mega Kuningan, Jakarta Selatan 12950, Indonesia;https://www.archiindonesia.com;3725250000;15.0;AI;UOB KAY HIAN SEKURITAS;31/05/2021;09/06/2021;750;800;22/06/2021;24/06/2021;24/06/2021;25/06/2021;28/06/2021;25%;"[{""code"": ""AI"", ""name"": ""UOB KAY HIAN SEKURITAS"", ""percentage"": """"}, {""code"": ""CC"", ""name"": ""MANDIRI SEKURITAS"", ""percentage"": """"}, {""code"": ""NI"", ""name"": ""BNI SEKURITAS"", ""percentage"": """"}]";;0.0;;;;;;750.0;850.0;745.0;755.0;5.0;0.67%;374023600.0;1%;0%;-8%;-27%;-54%;31 Juli 2024;https://www.idx.co.id/id/perusahaan-tercatat/kinerja-saham-tercatat-baru/;4%;3%;-37%;-81%;31 Juli 2024;https://www.idx.co.id/id/perusahaan-tercatat/kinerja-saham-tercatat-baru/
Closed;MASB;;PT Bank Multiarta Sentosa Tbk;Financials;Banks;Pengembangan;3360.0;Bank;;https://www.bankmas.co.id;186176500;15.0;SQ;BCA SEKURITAS;07/06/2021;15/06/2021;3000;4000;24/06/2021;28/06/2021;28/06/2021;29/06/2021;30/06/2021;25%;"[{""code"": ""SQ"", ""name"": ""BCA SEKURITAS"", ""percentage"": """"}]";MASB-W;1.0;3500.0;-;-;-;-;3500.0;4200.0;3500.0;4200.0;840.0;25.00%;1418300.0;25%;3%;0%;5%;4%;31 Juli 2024;https://www.idx.co.id/id/perusahaan-tercatat/kinerja-saham-tercatat-baru/;-8%;-13%;0%;43%;31 Juli 2024;https://www.idx.co.id/id/perusahaan-tercatat/kinerja-saham-tercatat-baru/
Closed;BMHS;;PT Bundamedik Tbk;Healthcare;Healthcare Providers;Utama;340.0;Bergerak di bidang aktivitas rumah sakit swasta, poliklinik swasta, dan rumah sakit lainnya;Jl, Teuku Cik Ditiro No, 28, Menteng Jakarta 10350 - Indonesia;https://www.bmhs.co.id;620000000;7.26;KI;CIPTADANA SEKURITAS ASIA;17/06/2021;22/06/2021;300;350;30/06/2021;02/07/2021;02/07/2021;05/07/2021;06/07/2021;25%;"[{""code"": ""KI"", ""name"": ""CIPTADANA SEKURITAS ASIA"", ""percentage"": """"}]";;0.0;;;;;;424.0;424.0;424.0;424.0;84.0;24.71%;1723800.0;25%;201%;203%;131%;74%;31 Juli 2024;https://www.idx.co.id/id/perusahaan-tercatat/kinerja-saham-tercatat-baru/;4%;11%;-12%;-64%;31 Juli 2024;https://www.idx.co.id/id/perusahaan-tercatat/kinerja-saham-tercatat-baru/
Closed;UVCR;;PT Trimegah Karya Pratama Tbk;Technology;Online Applications & Services;Pengembangan;100.0;Perdagangan Voucher Digital dan Jasa Teknologi;Jl, Tebet Barat IX Nomor 35 BB, Tebet Barat, Jakarta Selatan, 12810;https://ultravoucher.co.id/;500000000;25.0;SF;SURYA FAJAR SEKURITAS;29/06/2021;06/07/2021;100;130;19/07/2021;23/07/2021;23/07/2021;26/07/2021;27/07/2021;35%;"[{""code"": ""SF"", ""name"": ""SURYA FAJAR SEKURITAS"", ""percentage"": """"}, {""code"": ""XA"", ""name"": ""NH KORINDO SEKURITAS INDONESIA"", ""percentage"": """"}, {""code"": ""YP"", ""name"": ""MIRAE ASSET SEKURITAS INDONESIA"", ""percentage"": """"}]";UVCR-W;0.5;350.0;-;-;-;-;110.0;110.0;110.0;110.0;10.0;10.00%;6751500.0;10%;60%;374%;228%;43%;31 Juli 2024;https://www.idx.co.id/id/perusahaan-tercatat/kinerja-saham-tercatat-baru/;13%;9%;30%;113%;31 Juli 2024;https://www.idx.co.id/id/perusahaan-tercatat/kinerja-saham-tercatat-baru/
Closed;HAIS;;PT Hasnur Internasional Shipping Tbk;Transportation & Logistic;Logistics & Deliveries;Pengembangan;300.0;Pengangkutan barang dengan menggunakan kapal laut untuk mengangkut suatu jenis barang tertentu,;;https://www.pthis.id;525250000;20.0;DR;RHB SEKURITAS INDONESIA;26/07/2021;06/08/2021;230;300;24/08/2021;30/08/2021;30/08/2021;31/08/2021;01/09/2021;25%;"[{""code"": ""DR"", ""name"": ""RHB SEKURITAS INDONESIA"", ""percentage"": """"}]";;0.0;;;;;;370.0;374.0;370.0;374.0;74.0;24.67%;12520400.0;25%;-3%;-12%;-19%;-19%;31 Juli 2024;https://www.idx.co.id/id/perusahaan-tercatat/kinerja-saham-tercatat-baru/;22%;9%;82%;232%;31 Juli 2024;https://www.idx.co.id/id/perusahaan-tercatat/kinerja-saham-tercatat-baru/
Closed;MCOL;;PT Prima Andalan Mandiri Tbk;Energy;Coal Production;Utama;1420.0;Pertambangan Batubara dan Jasa Pertambangan Melalui Entitas Anak;Gedung Office 8, Lantai 28 SCBD Lot, 28, Jl, Jend, Sudirman Kav, 52 - 53, Kebayoran Baru, Jakarta 12190;https://www.mandiricoal.co.id;355560000;10.0;RF;BUANA CAPITAL SEKURITAS;28/07/2021;16/08/2021;1420;1600;01/09/2021;03/09/2021;03/09/2021;06/09/2021;07/09/2021;25%;"[{""code"": ""RF"", ""name"": ""BUANA CAPITAL SEKURITAS"", ""percentage"": """"}]";;0.0;;;;;;;1690.0;1325.0;1565.0;145.0;10.21%;66018000.0;10%;15%;23%;155%;393%;31 Juli 2024;https://www.idx.co.id/id/perusahaan-tercatat/kinerja-saham-tercatat-baru/;27%;-3%;54%;30%;31 Juli 2024;https://www.idx.co.id/id/perusahaan-tercatat/kinerja-saham-tercatat-baru/
Closed;CMNT;;PT Cemindo Gemilang Tbk;Basic Materials;Construction Materials;Utama;680.0;Industri Semen;Jl, Raya Pluit Selatan Blok S No, 8 I-J RT022/RW008, Penjaringan Jakarta Utara 14440, Indonesia;https://www.semenmerahputih.com;1718800000;10.04;KI;CIPTADANA SEKURITAS ASIA;09/08/2021;19/08/2021;600;800;02/09/2021;06/09/2021;06/09/2021;07/09/2021;08/09/2021;25%;"[{""code"": ""KI"", ""name"": ""CIPTADANA SEKURITAS ASIA"", ""percentage"": """"}, {""code"": ""CC"", ""name"": ""MANDIRI SEKURITAS"", ""percentage"": """"}]";;0.0;;;;;;700.0;850.0;700.0;850.0;170.0;25.00%;84199200.0;25%;20%;39%;55%;49%;31 Juli 2024;https://www.idx.co.id/id/perusahaan-tercatat/kinerja-saham-tercatat-baru/;-3%;-2%;17%;-135%;31 Juli 2024;https://www.idx.co.id/id/perusahaan-tercatat/kinerja-saham-tercatat-baru/
Closed;GPSO;;PT Geoprima Solusi Tbk;Technology;Electronic Equipment & Instruments;Pengembangan;180.0;Perdagangan Besar Mesin, Peralatan dan Perlengkapan Lainnya;Rukan Artha Gading Niaga Blok D-9, Kelapa Gading, Jakarta Utara 14240;https://www.geoprima.co.id;166666600;25.0;SF;SURYA FAJAR SEKURITAS;09/08/2021;13/08/2021;175;180;30/08/2021;02/09/2021;02/09/2021;03/09/2021;06/09/2021;35%;"[{""code"": ""SF"", ""name"": ""SURYA FAJAR SEKURITAS"", ""percentage"": """"}, {""code"": ""XA"", ""name"": ""NH KORINDO SEKURITAS INDONESIA"", ""percentage"": """"}]";GPSO-W;1.0;250.0;-;-;-;-;242.0;242.0;242.0;242.0;62.0;34.44%;1496300.0;34%;4%;-3%;-41%;-32%;31 Juli 2024;https://www.idx.co.id/id/perusahaan-tercatat/kinerja-saham-tercatat-baru/;-3%;-19%;35%;-102%;31 Juli 2024;https://www.idx.co.id/id/perusahaan-tercatat/kinerja-saham-tercatat-baru/
Closed;OILS;;PT Indo Oil Perkasa Tbk;Basic Materials;Agricultural Chemicals;Pengembangan;270.0;Pengolahan produksi kopra dan penjualan minyak kelapa;Jalan Raya Perning No, 39, Kecamatan Jetis, Kabupaten Mojokerto, Jawa Timur 61352;https://www.indooilperkasa.com;150000000;33.04;BQ;KOREA INVESTMENT AND SEKURITAS INDONESIA;09/08/2021;16/08/2021;270;300;31/08/2021;02/09/2021;02/09/2021;03/09/2021;06/09/2021;25%;"[{""code"": ""BQ"", ""name"": ""KOREA INVESTMENT AND SEKURITAS INDONESIA"", ""percentage"": """"}]";OILS-W;0.25;320.0;-;-;-;-;336.0;336.0;296.0;336.0;66.0;24.44%;175431500.0;24%;126%;22%;-7%;-18%;31 Juli 2024;https://www.idx.co.id/id/perusahaan-tercatat/kinerja-saham-tercatat-baru/;20%;38%;37%;13%;31 Juli 2024;https://www.idx.co.id/id/perusahaan-tercatat/kinerja-saham-tercatat-baru/
Closed;RSGK;;PT Kedoya Adyaraya Tbk;Healthcare;Healthcare Providers;Utama;1720.0;Bergerak di bidang Aktivitas Rumah Sakit Swasta;RS Grha Kedoya Jalan Panjang Arteri No, 26, Kedoya Utara, Kebon Jeruk, Jakarta 11520;https://www.grhahospitals.com;185940000;20.0;RF;BUANA CAPITAL SEKURITAS;12/08/2021;24/08/2021;1500;1750;02/09/2021;06/09/2021;06/09/2021;07/09/2021;08/09/2021;25%;"[{""code"": ""RF"", ""name"": ""BUANA CAPITAL SEKURITAS"", ""percentage"": """"}]";;0.0;;;;;;;2150.0;1820.0;2150.0;430.0;25.00%;2737600.0;25%;14%;-2%;-16%;-25%;31 Juli 2024;https://www.idx.co.id/id/perusahaan-tercatat/kinerja-saham-tercatat-baru/;-5%;-23%;-17%;-51%;31 Juli 2024;https://www.idx.co.id/id/perusahaan-tercatat/kinerja-saham-tercatat-baru/
Closed;IDEA;;PT Idea Indonesia Akademi Tbk;Consumer Cyclicals;Education Services;Akselerasi;140.0;Akademi Pendidikan dan Pelatihan Perhotelan, Kapal Pesiar, Tata Boga dan Restoran Berbasis Industri;18 Office Park Lantai 10 Jalan TB Simatupang Kav, 18, RW,1, Kebagusan, Pasar Minggu, Jakarta Selatan, Daerah Khusus Ibukota Jakarta 12520;https://www.ideaindonesia.com;212487500;20.0;IU;INDO CAPITAL SEKURITAS;13/08/2021;24/08/2021;120;155;02/09/2021;07/09/2021;07/09/2021;08/09/2021;09/09/2021;35%;"[{""code"": ""IU"", ""name"": ""INDO CAPITAL SEKURITAS"", ""percentage"": """"}]";;0.0;;;;;;154.0;154.0;154.0;154.0;14.0;10.00%;14255400.0;10%;-11%;41%;-50%;-56%;31 Juli 2024;https://www.idx.co.id/id/perusahaan-tercatat/kinerja-saham-tercatat-baru/;-4%;-17%;19%;-16%;31 Juli 2024;https://www.idx.co.id/id/perusahaan-tercatat/kinerja-saham-tercatat-baru/
Closed;SBMA;;PT Surya Biru Murni Acetylene Tbk;Basic Materials;Basic Chemicals;Pengembangan;180.0;Bergerak di Bidang Industri Kimia Anorganik Gas;Jalan Jendral Sudirman No, 5 - 6, Kelurahan Klandasan Ilir, Kecamatan Balikpapan Kota, Kota Balikpapan, Provinsi Kalimantan Timur 76113;https://www.suryabirumurni.co.id;278400000;29.99;HD;KGI SEKURITAS INDONESIA;19/08/2021;23/08/2021;180;230;02/09/2021;06/09/2021;06/09/2021;07/09/2021;08/09/2021;35%;"[{""code"": ""HD"", ""name"": ""KGI SEKURITAS INDONESIA"", ""percentage"": """"}]";SBMA-W;0.166666667;230.0;-;-;-;-;200.0;242.0;200.0;242.0;62.0;34.44%;19118900.0;34%;178%;143%;62%;24%;31 Juli 2024;https://www.idx.co.id/id/perusahaan-tercatat/kinerja-saham-tercatat-baru/;8%;29%;17%;-40%;31 Juli 2024;https://www.idx.co.id/id/perusahaan-tercatat/kinerja-saham-tercatat-baru/
Closed;GTSI;;PT GTS Internasional Tbk;Transportation & Logistic;Logistics & Deliveries;Pemantauan Khusus;100.0;distribusi gas alam dan buatan, transportasi laut dalam negeri dan luar negeri untuk barang khusus;Mangkuluhur City Tower One, lantai 26, Jl, Jend, Gatot Subroto Kav, 1-3 Jakarta 12930, Indonesia;https://gtsi.co.id/;2400000000;15.17;LS;RELIANCE SEKURITAS INDONESIA TBK,;20/08/2021;26/08/2021;100;150;02/09/2021;06/09/2021;06/09/2021;07/09/2021;08/09/2021;35%;"[{""code"": ""LS"", ""name"": ""RELIANCE SEKURITAS INDONESIA TBK"", ""percentage"": """"}]";;0.0;;;;;;93.0;93.0;93.0;93.0;-7.0;-7.00%;81597500.0;-7%;-22%;-26%;-43%;-36%;31 Juli 2024;https://www.idx.co.id/id/perusahaan-tercatat/kinerja-saham-tercatat-baru/;-4%;-17%;34%;-143%;31 Juli 2024;https://www.idx.co.id/id/perusahaan-tercatat/kinerja-saham-tercatat-baru/
Closed;RUNS;;PT Global Sukses Solusi Tbk;Technology;IT Services & Consulting;Akselerasi;254.0;Informasi dan Komunikasi serta Perdagangan Besar & Eceran Piranti Lunak, Komputer & Perlengkapannya;Grha RUN System Jl, Pakuningratan No, 15, Yogyakarta, 55233;https://www.runsystem.id;196800000;20.01;YP;MIRAE ASSET SEKURITAS INDONESIA;20/08/2021;26/08/2021;230;254;02/09/2021;06/09/2021;06/09/2021;07/09/2021;08/09/2021;25%;"[{""code"": ""YP"", ""name"": ""MIRAE ASSET SEKURITAS INDONESIA"", ""percentage"": """"}, {""code"": ""OD"", ""name"": ""BRI DANAREKSA SEKURITAS"", ""percentage"": """"}]";;0.0;;;;;;278.0;278.0;278.0;278.0;24.0;9.45%;4880100.0;9%;58%;84%;-36%;-31%;31 Juli 2024;https://www.idx.co.id/id/perusahaan-tercatat/kinerja-saham-tercatat-baru/;24%;685%;534%;-132%;31 Juli 2024;https://www.idx.co.id/id/perusahaan-tercatat/kinerja-saham-tercatat-baru/
Closed;KUAS;;PT ACE OLDFIELDS TBK;Industrials;Building Products & Fixtures;Pengembangan;195.0;Perseroan Bergerak Dalam Bidang Usaha Produksi Peralatan Dan Perlengkapan Pengecatan;Jl, Raya Cileungsi Jonggol KM 22,5 RT,006 RW,002, Cileungsi, Bogor, 16820;https://www.aceoldfields.com;390000000;30.17;XA;NH KORINDO SEKURITAS INDONESIA;22/09/2021;27/09/2021;195;250;18/10/2021;21/10/2021;21/10/2021;22/10/2021;25/10/2021;35%;"[{""code"": ""XA"", ""name"": ""NH KORINDO SEKURITAS INDONESIA"", ""percentage"": """"}]";KUAS-W;0.333333333;250.0;-;-;-;-;262.0;262.0;262.0;262.0;67.0;34.36%;76419000.0;34%;12%;22%;-62%;-65%;31 Juli 2024;https://www.idx.co.id/id/perusahaan-tercatat/kinerja-saham-tercatat-baru/;3%;-2%;10%;27%;31 Juli 2024;https://www.idx.co.id/id/perusahaan-tercatat/kinerja-saham-tercatat-baru/
Closed;BOBA;;PT Formosa Ingredient Factory Tbk;Consumer Non-Cyclicals;Processed Foods;Pengembangan;280.0;Produksi tapioca pearl, topping jelly, popping boba, premium sauce, syrup dan premix powder;Berlian 88 Biz Estate Blok C No,1 Jl, Diklat Pemda, Kelapa Dua Tangerang – Banten 15810;https://bobaking.co.id/;140000000;12.11;MI;VICTORIA SEKURITAS INDONESIA;05/10/2021;11/10/2021;250;280;26/10/2021;28/10/2021;28/10/2021;29/10/2021;01/11/2021;25%;"[{""code"": ""MI"", ""name"": ""VICTORIA SEKURITAS INDONESIA"", ""percentage"": """"}]";;0.0;;;;;;350.0;350.0;330.0;350.0;70.0;25.00%;65012200.0;25%;10%;-11%;-30%;-31%;31 Juli 2024;https://www.idx.co.id/id/perusahaan-tercatat/kinerja-saham-tercatat-baru/;11%;191%;64%;-39%;31 Juli 2024;https://www.idx.co.id/id/perusahaan-tercatat/kinerja-saham-tercatat-baru/
Closed;MTEL;;PT Dayamitra Telekomunikasi Tbk;Infrastructures;Wireless Telecommunication Services;Utama;800.0;Penyedia Jasa Menara Telekomunikasi;Telkom Landmark Tower Lt, 27 Jl, Gatot Subroto Kavling 52 Jakarta 12710;https://www.mitratel.co.id/;22920512000;27.63;CC;MANDIRI SEKURITAS;26/10/2021;04/11/2021;775;975;16/11/2021;18/11/2021;18/11/2021;19/11/2021;22/11/2021;25%;"[{""code"": ""CC"", ""name"": ""MANDIRI SEKURITAS"", ""percentage"": """"}, {""code"": ""CP"", ""name"": ""KB VALBURY SEKURITAS"", ""percentage"": """"}, {""code"": ""GR"", ""name"": ""PANIN SEKURITAS TBK"", ""percentage"": """"}, {""code"": ""IF"", ""name"": ""SAMUEL SEKURITAS INDONESIA"", ""percentage"": """"}, {""code"": ""IN"", ""name"": ""INVESTINDO NUSANTARA SEKURITAS"", ""percentage"": """"}, {""code"": ""OD"", ""name"": ""BRI DANAREKSA SEKURITAS"", ""percentage"": """"}]";;0.0;;;;;;;890.0;765.0;765.0;-35.0;-4.38%;1379410300.0;-4%;-4%;-4%;-14%;-14%;31 Juli 2024;https://www.idx.co.id/id/perusahaan-tercatat/kinerja-saham-tercatat-baru/;-3%;-8%;13%;29%;31 Juli 2024;https://www.idx.co.id/id/perusahaan-tercatat/kinerja-saham-tercatat-baru/
Closed;WMPP;;PT Widodo Makmur Perkasa Tbk;Consumer Non-Cyclicals;Fish, Meat, & Poultry;Pemantauan Khusus;160.0;Peternakan Sapi & Ayam, Rumah Potong Hewan, Daging & Olahan, Pakan Ternak, Bahan Makanan, Konstruksi;Gedung Graha Widodo Makmur Jalan Raya Cilangkap No, 58, Cilangkap, Cipayung, Jakarta Timur, 13870;https://widodomakmurperkasa.co.id/;4419000000;15.02;SF;SURYA FAJAR SEKURITAS;27/10/2021;09/11/2021;160;220;30/11/2021;02/12/2021;02/12/2021;03/12/2021;06/12/2021;35%;"[{""code"": ""SF"", ""name"": ""SURYA FAJAR SEKURITAS"", ""percentage"": """"}, {""code"": ""CP"", ""name"": ""KB VALBURY SEKURITAS"", ""percentage"": """"}, {""code"": ""IF"", ""name"": ""SAMUEL SEKURITAS INDONESIA"", ""percentage"": """"}, {""code"": ""OD"", ""name"": ""BRI DANAREKSA SEKURITAS"", ""percentage"": """"}, {""code"": ""YP"", ""name"": ""MIRAE ASSET SEKURITAS INDONESIA"", ""percentage"": """"}]";;0.0;;;;;;160.0;161.0;149.0;159.0;-1.0;-0.63%;963121100.0;-1%;-6%;-5%;-23%;-26%;31 Juli 2024;https://www.idx.co.id/id/perusahaan-tercatat/kinerja-saham-tercatat-baru/;7%;23%;-30%;-205%;31 Juli 2024;https://www.idx.co.id/id/perusahaan-tercatat/kinerja-saham-tercatat-baru/
Closed;BINO;;PT Perma Plasindo Tbk;Industrials;Office Supplies;Pengembangan;138.0;Aktivitas perusahaan holding serta produksi dan distribusi alat tulis kantor melalui entitas anak;Jl, Raya Boulevard Barat Blok LC VI No 23, Kelapa Gading Barat, Jakarta Utara, Indonesia 14240;https://www.permaplasindo.co.id/;435000000;20.0;IU;INDO CAPITAL SEKURITAS;28/10/2021;05/11/2021;120;145;18/11/2021;23/11/2021;23/11/2021;24/11/2021;25/11/2021;35%;"[{""code"": ""IU"", ""name"": ""INDO CAPITAL SEKURITAS"", ""percentage"": """"}, {""code"": ""MG"", ""name"": ""SEMESTA INDOVEST SEKURITAS"", ""percentage"": """"}]";BINO-W;0.5;168.0;90;140;41;44;;186.0;155.0;167.0;29.0;21.01%;836817600.0;21%;1%;3%;-4%;-5%;31 Juli 2024;https://www.idx.co.id/id/perusahaan-tercatat/kinerja-saham-tercatat-baru/;33%;53%;18%;104%;31 Juli 2024;https://www.idx.co.id/id/perusahaan-tercatat/kinerja-saham-tercatat-baru/
Closed;DEPO;;PT Caturkarda Depo Bangunan Tbk;Consumer Cyclicals;Home Improvement Retail;Pengembangan;482.0;Supermarket dan/atau Retai Bahan Bangunan;Jl, Raya Serpong KM2, Kel, Pakulonan, Kec, Serpong Utara, Tangerang Selatan;https://depobangunan.co.id/;1024000000;15.08;YP;MIRAE ASSET SEKURITAS INDONESIA;01/11/2021;08/11/2021;426;525;18/11/2021;23/11/2021;23/11/2021;24/11/2021;25/11/2021;25%;"[{""code"": ""YP"", ""name"": ""MIRAE ASSET SEKURITAS INDONESIA"", ""percentage"": """"}]";;0.0;;;;;;;600.0;470.0;600.0;118.0;24.48%;279806200.0;24%;27%;1%;3%;-2%;31 Juli 2024;https://www.idx.co.id/id/perusahaan-tercatat/kinerja-saham-tercatat-baru/;5%;6%;10%;18%;31 Juli 2024;https://www.idx.co.id/id/perusahaan-tercatat/kinerja-saham-tercatat-baru/
Closed;TAYS;;PT JAYA SWARASA AGUNG TBK;Consumer Non-Cyclicals;Processed Foods;Pengembangan;360.0;Industri Makanan Ringan;Jalan Parung Panjang No, 68, Kp, Bungaok RT001/RW003 Desa Kemuning, Kecamatan Legok, Kabupaten Tangerang, Banten 15820,;https://www.taysbakers.com;240300000;21.87;XA;NH KORINDO SEKURITAS INDONESIA;02/11/2021;08/11/2021;336;360;30/11/2021;02/12/2021;02/12/2021;03/12/2021;06/12/2021;25%;"[{""code"": ""XA"", ""name"": ""NH KORINDO SEKURITAS INDONESIA"", ""percentage"": """"}, {""code"": ""HD"", ""name"": ""KGI SEKURITAS INDONESIA"", ""percentage"": """"}]";;0.0;;;;;;378.0;400.0;336.0;336.0;-24.0;-6.67%;67770500.0;-7%;-24%;-44%;-45%;94%;31 Juli 2024;https://www.idx.co.id/id/perusahaan-tercatat/kinerja-saham-tercatat-baru/;8%;8%;5%;57%;31 Juli 2024;https://www.idx.co.id/id/perusahaan-tercatat/kinerja-saham-tercatat-baru/
Closed;WGSH;;PT Wira Global Solusi Tbk;Technology;IT Services & Consulting;Akselerasi;140.0;Bergerak dalam bidang usaha Perdagangan Teknologi Informasi;The Breeze BSD City L81 - 82 Jln, Grand Boulevard Kabupaten Tangerang Indonesia, 15345;https://www.wgshub.com/;208500000;20.0;AH;SHINHAN SEKURITAS INDONESIA;09/11/2021;17/11/2021;125;140;30/11/2021;02/12/2021;02/12/2021;03/12/2021;06/12/2021;35%;"[{""code"": ""AH"", ""name"": ""SHINHAN SEKURITAS INDONESIA"", ""percentage"": """"}]";;0.0;;;;;;154.0;154.0;140.0;154.0;14.0;10.00%;142257900.0;10%;59%;15%;47%;9%;31 Juli 2024;https://www.idx.co.id/id/perusahaan-tercatat/kinerja-saham-tercatat-baru/;5%;-43%;21%;21%;31 Juli 2024;https://www.idx.co.id/id/perusahaan-tercatat/kinerja-saham-tercatat-baru/
Closed;CMRY;;PT Cisarua Mountain Dairy Tbk;Consumer Non-Cyclicals;Dairy Products;Utama;3080.0;Bergerak di bidang usaha Produk Susu Premium dan Konsumen Premium;Rukan Taman Meruya Jl, Komp, Rukan Taman Meruya No,N/27-28 Jakarta Barat 11620 Indonesia;https://www.cimory.com;1190203000;15.0;CC;MANDIRI SEKURITAS;10/11/2021;17/11/2021;2780;3160;30/11/2021;02/12/2021;02/12/2021;03/12/2021;06/12/2021;25%;"[{""code"": ""CC"", ""name"": ""MANDIRI SEKURITAS"", ""percentage"": """"}, {""code"": ""GR"", ""name"": ""PANIN SEKURITAS TBK"", ""percentage"": """"}]";;0.0;;;;;;;3500.0;2870.0;3410.0;330.0;10.71%;134285400.0;11%;12%;8%;27%;44%;31 Juli 2024;https://www.idx.co.id/id/perusahaan-tercatat/kinerja-saham-tercatat-baru/;11%;6%;56%;34%;31 Juli 2024;https://www.idx.co.id/id/perusahaan-tercatat/kinerja-saham-tercatat-baru/
Closed;RMKE;;PT RMK Energy Tbk;Energy;Coal Distribution;Utama;206.0;Bergerak dalam bidang pertambangan batubara dan aktivitas perusahaan holding;Wisma RMK Lantai 2 Jalan Puri Kencana Blok M4/1, Kembangan Selatan, Kembangan, Kota Adm, Jakarta Barat, DKI Jakarta 11610;http://www.rmkenergy.com/;875000000;20.0;IU;INDO CAPITAL SEKURITAS;10/11/2021;15/11/2021;160;230;30/11/2021;03/12/2021;03/12/2021;06/12/2021;07/12/2021;25%;"[{""code"": ""IU"", ""name"": ""INDO CAPITAL SEKURITAS"", ""percentage"": """"}, {""code"": ""AO"", ""name"": ""ERDIKHA ELIT SEKURITAS"", ""percentage"": """"}, {""code"": ""MG"", ""name"": ""SEMESTA INDOVEST SEKURITAS"", ""percentage"": """"}, {""code"": ""MI"", ""name"": ""VICTORIA SEKURITAS INDONESIA"", ""percentage"": """"}]";;0.0;;;;;;;210.0;192.0;200.0;-6.0;-2.91%;174402600.0;-3%;10%;10%;218%;356%;31 Juli 2024;https://www.idx.co.id/id/perusahaan-tercatat/kinerja-saham-tercatat-baru/;20%;-21%;47%;104%;31 Juli 2024;https://www.idx.co.id/id/perusahaan-tercatat/kinerja-saham-tercatat-baru/
Closed;AVIA;;PT Avia Avian Tbk;Basic Materials;Construction Materials;Utama;930.0;Industri dan perdagangan cat dan tinta cetak, pernis, lak, perekat/lem, mortar atau beton siap pakai;Jl, Surabaya - Sidoarjo KM, 19, Kel, Wadungasih, Kec, Buduran, Sidoarjo 61254, Jawa Timur;https://www.avianbrands.com;6200000000;10.01;CC;MANDIRI SEKURITAS;12/11/2021;18/11/2021;780;930;02/12/2021;06/12/2021;06/12/2021;07/12/2021;08/12/2021;25%;"[{""code"": ""CC"", ""name"": ""MANDIRI SEKURITAS"", ""percentage"": """"}, {""code"": ""LG"", ""name"": ""TRIMEGAH SEKURITAS INDONESIA TBK"", ""percentage"": """"}]";;0.0;;;;;;;970.0;865.0;865.0;-65.0;-6.99%;706846700.0;-7%;-5%;-2%;-16%;-22%;31 Juli 2024;https://www.idx.co.id/id/perusahaan-tercatat/kinerja-saham-tercatat-baru/;-1%;-17%;-1%;-2%;31 Juli 2024;https://www.idx.co.id/id/perusahaan-tercatat/kinerja-saham-tercatat-baru/
Closed;BSML;;PT Bintang Samudera Mandiri Lines Tbk;Transportation & Logistic;Logistics & Deliveries;Pengembangan;117.0;Bergerak dalam angkutan laut dalam negeri untuk barang khusus serta perdagangan besar;Rasuna Office Park OR, Jl, H, R, Rasuna Said, RT,16/RW,1, Menteng Atas, Kecamatan Setiabudi, Kota Jakarta Selatan, Daerah Khusus Ibukota Jakarta 12960;https://bsmlines.com/;370045000;20.0;II;DANATAMA MAKMUR SEKURITAS;16/11/2021;25/11/2021;100;150;09/12/2021;14/12/2021;14/12/2021;15/12/2021;16/12/2021;35%;"[{""code"": ""II"", ""name"": ""DANATAMA MAKMUR SEKURITAS"", ""percentage"": """"}]";;0.0;;;;;;130.0;157.0;130.0;157.0;40.0;34.19%;285218500.0;34%;12%;247%;695%;266%;31 Juli 2024;https://www.idx.co.id/id/perusahaan-tercatat/kinerja-saham-tercatat-baru/;9%;5%;467%;266%;31 Juli 2024;https://www.idx.co.id/id/perusahaan-tercatat/kinerja-saham-tercatat-baru/
Closed;NASI;;PT Wahana Inti Makmur Tbk;Consumer Non-Cyclicals;Food Retail & Distributors;Pengembangan;155.0;Bergerak dalam bidang Produsen dan Pemasok Beras;Jalan Mohammad Husni Thamrin Kilometer 2, Duta Indah Iconic Tower G, Lantai 1, Kel, Panunggangan Utara, Kec, Pinang, Kota Tangerang, Prov, Banten, 15143;https://www.wahanaintimakmur.com;200000000;24.77;AI;UOB KAY HIAN SEKURITAS;17/11/2021;23/11/2021;140;160;07/12/2021;09/12/2021;09/12/2021;10/12/2021;13/12/2021;35%;"[{""code"": ""AI"", ""name"": ""UOB KAY HIAN SEKURITAS"", ""percentage"": """"}]";;0.0;;;;;;156.0;208.0;150.0;208.0;53.0;34.19%;105451400.0;34%;39%;154%;127%;-39%;31 Juli 2024;https://www.idx.co.id/id/perusahaan-tercatat/kinerja-saham-tercatat-baru/;4%;15%;31%;94%;31 Juli 2024;https://www.idx.co.id/id/perusahaan-tercatat/kinerja-saham-tercatat-baru/
Closed;IPPE;;PT Indo Pureco Pratama Tbk;Consumer Non-Cyclicals;Household Products;Pemantauan Khusus;100.0;Industri minyak kelapa dan produk dari kelapa serta perdagangan;;https://indopureco.com/;1000000000;21.74;HD;KGI SEKURITAS INDONESIA;18/11/2021;25/11/2021;100;110;02/12/2021;07/12/2021;07/12/2021;08/12/2021;09/12/2021;35%;"[{""code"": ""HD"", ""name"": ""KGI SEKURITAS INDONESIA"", ""percentage"": """"}, {""code"": ""YP"", ""name"": ""MIRAE ASSET SEKURITAS INDONESIA"", ""percentage"": """"}]";;0.0;;;;;;100.0;135.0;94.0;135.0;35.0;35.00%;116416900.0;35%;114%;98%;140%;65%;31 Juli 2024;https://www.idx.co.id/id/perusahaan-tercatat/kinerja-saham-tercatat-baru/;2%;51%;17%;22%;31 Juli 2024;https://www.idx.co.id/id/perusahaan-tercatat/kinerja-saham-tercatat-baru/
Closed;OBMD;;PT OBM Drilchem Tbk;Basic Materials;Specialty Chemicals;Pengembangan;180.0;Memproduksi bahan aditif untuk mencegah kerugian dalam aktivitas pengeboran dengan teknologi serat;Dipo Business Center 7th floor, Suite 7E Jl, Gatot Subroto Kav, 50-52, Jakarta 10260;http://www.drilchem.com/;182000000;24.86;HD;KGI SEKURITAS INDONESIA;18/11/2021;22/11/2021;150;180;02/12/2021;06/12/2021;06/12/2021;07/12/2021;08/12/2021;35%;"[{""code"": ""HD"", ""name"": ""KGI SEKURITAS INDONESIA"", ""percentage"": """"}]";OBMD-W;0.5;180.0;-;-;-;-;189.0;200.0;168.0;168.0;-12.0;-6.67%;103737700.0;-7%;-22%;-31%;-24%;11%;31 Juli 2024;https://www.idx.co.id/id/perusahaan-tercatat/kinerja-saham-tercatat-baru/;29%;70%;54%;76%;31 Juli 2024;https://www.idx.co.id/id/perusahaan-tercatat/kinerja-saham-tercatat-baru/
Closed;DRMA;;PT Dharma Polimetal Tbk;Consumer Cyclicals;Auto Parts & Equipment;Utama;500.0;Manufaktur Komponen Kendaraan Bermotor;Jl, Angsana Raya Blok A9 No, 8 Delta Silicon I Kawasan Industri Lippo Cikarang Kelurahan Sukaresmi, Kecamatan Cikarang Selatan, Kabupaten Bekasi Jawa Barat - Indonesia;https://www.dharmagroup.co.id;705882300;15.0;AZ;SUCOR SEKURITAS;19/11/2021;30/11/2021;500;620;13/12/2021;16/12/2021;16/12/2021;17/12/2021;20/12/2021;25%;"[{""code"": ""AZ"", ""name"": ""SUCOR SEKURITAS"", ""percentage"": """"}, {""code"": ""EP"", ""name"": ""MNC SEKURITAS"", ""percentage"": """"}]";;0.0;;;;;;;550.0;466.0;496.0;-4.0;-0.80%;192255900.0;-1%;5%;27%;21%;20%;31 Juli 2024;https://www.idx.co.id/id/perusahaan-tercatat/kinerja-saham-tercatat-baru/;6%;-12%;34%;30%;31 Juli 2024;https://www.idx.co.id/id/perusahaan-tercatat/kinerja-saham-tercatat-baru/
Closed;ADMR;;PT Adaro Minerals Indonesia Tbk;Energy;Coal Production;Utama;100.0;Pertambangan batu bara metalurgi melalui Perusahaan Anak, jasa pertambangan dan konsultasi manajemen;Cyber 2 Tower Lantai 34, Jl, H,R, Rasuna Said Blok X-5 No,13, Jakarta 12950 - Indonesia;https://www.adarominerals.id;6048580000;15.0;KI;CIPTADANA SEKURITAS ASIA;09/12/2021;16/12/2021;100;125;27/12/2021;29/12/2021;29/12/2021;30/12/2021;03/01/2022;35%;"[{""code"": ""KI"", ""name"": ""CIPTADANA SEKURITAS ASIA"", ""percentage"": """"}]";;0.0;;;;;;135.0;135.0;135.0;135.0;35.0;35.00%;34289600.0;35%;280%;1085%;1525%;1580%;31 Juli 2024;https://www.idx.co.id/id/perusahaan-tercatat/kinerja-saham-tercatat-baru/;32%;-8%;20%;31%;31 Juli 2024;https://www.idx.co.id/id/perusahaan-tercatat/kinerja-saham-tercatat-baru/
Closed;SEMA;;PT SEMACOM INTEGRATED TBK;Industrials;Electrical Components & Equipment;Pengembangan;180.0;Produksi Panel, Perakitan Baterai Listrik dan Energi Terbarukan;Jl, Intan I RT 001/001, Kp, Poncol, Ds, Curug, Kec, Gunung Sindur, Bogor 16340, Jawa Barat;https://www.semacom-integrated.com;347000000;25.76;XA;NH KORINDO SEKURITAS INDONESIA;17/12/2021;22/12/2021;180;220;04/01/2022;06/01/2022;06/01/2022;07/01/2022;10/01/2022;35%;"[{""code"": ""XA"", ""name"": ""NH KORINDO SEKURITAS INDONESIA"", ""percentage"": """"}]";SEMA-W;0.5;230.0;-;-;-;-;242.0;242.0;242.0;242.0;62.0;34.44%;7914300.0;34%;34%;53%;12%;-18%;31 Juli 2024;https://www.idx.co.id/id/perusahaan-tercatat/kinerja-saham-tercatat-baru/;22%;44%;47%;24%;31 Juli 2024;https://www.idx.co.id/id/perusahaan-tercatat/kinerja-saham-tercatat-baru/
Closed;NETV;;PT NET VISI MEDIA TBK;Consumer Cyclicals;Broadcasting;Pemantauan Khusus;196.0;Industri Media;Graha Mitra Lt,4 Jl, Jend, Gatot Subroto Kav, 21 RT 003 RW 002, Karet Semanggi, Setiabudi;https://www.netvisimedia.co.id;765306100;4.37;XA;NH KORINDO SEKURITAS INDONESIA;27/12/2021;03/01/2022;190;196;19/01/2022;24/01/2022;24/01/2022;25/01/2022;26/01/2022;35%;"[{""code"": ""XA"", ""name"": ""NH KORINDO SEKURITAS INDONESIA"", ""percentage"": """"}]";;0.0;;;;;;264.0;264.0;264.0;264.0;68.0;34.69%;20065700.0;35%;227%;160%;42%;1%;31 Juli 2024;https://www.idx.co.id/id/perusahaan-tercatat/kinerja-saham-tercatat-baru/;-26%;12%;-46%;249%;31 Juli 2024;https://www.idx.co.id/id/perusahaan-tercatat/kinerja-saham-tercatat-baru/
Closed;ASLC;;PT Autopedia Sukses Lestari Tbk;Consumer Cyclicals;Automotive Retail;Pengembangan;256.0;Balai lelang melalui Entitas Anak dan perdagangan eceran mobil;Gedung Graha Kirana Lt,6 Jl, Yos Sudarso No, 88 Sunter, Jakarta Utara 14350;https://www.autopedia.id;2549271000;20.0;LG;TRIMEGAH SEKURITAS INDONESIA TBK,;29/12/2021;05/01/2022;200;276;19/01/2022;21/01/2022;21/01/2022;24/01/2022;25/01/2022;25%;"[{""code"": ""LG"", ""name"": ""TRIMEGAH SEKURITAS INDONESIA TBK"", ""percentage"": """"}, {""code"": ""KI"", ""name"": ""CIPTADANA SEKURITAS ASIA"", ""percentage"": """"}]";;0.0;;;;;;320.0;320.0;290.0;320.0;64.0;25.00%;922992200.0;25%;13%;2%;-30%;-64%;31 Juli 2024;https://www.idx.co.id/id/perusahaan-tercatat/kinerja-saham-tercatat-baru/;7%;68%;42%;714%;31 Juli 2024;https://www.idx.co.id/id/perusahaan-tercatat/kinerja-saham-tercatat-baru/
Closed;BAUT;;PT Mitra Angkasa Sejahtera Tbk;Consumer Cyclicals;Home Improvement Retail;Pemantauan Khusus;100.0;Bergerak dalam bidang Perdagangan Besar Logam untuk Bahan Konstruksi, terutama Mur dan Baut;Jl, Raya Tanjung Pasir KP, Pondok Bahagia No,18, Tegal Angus, Teluknaga, Tangerang, Banten 15510,;https://masworkspace.com;1450000000;30.21;AI;UOB KAY HIAN SEKURITAS;04/01/2022;10/01/2022;100;110;21/01/2022;26/01/2022;26/01/2022;27/01/2022;28/01/2022;35%;"[{""code"": ""AI"", ""name"": ""UOB KAY HIAN SEKURITAS"", ""percentage"": """"}]";BAUT-W;0.8;125.0;50;61;15;35;135.0;135.0;107.0;135.0;35.0;35.00%;1060598500.0;35%;114%;44%;-50%;-50%;31 Juli 2024;https://www.idx.co.id/id/perusahaan-tercatat/kinerja-saham-tercatat-baru/;5%;15%;7%;-20%;31 Juli 2024;https://www.idx.co.id/id/perusahaan-tercatat/kinerja-saham-tercatat-baru/
Closed;ENAK;;PT Champ Resto Indonesia Tbk;Consumer Cyclicals;Restaurants;Pengembangan;850.0;bergerak dalam bidang restoran;Jl, Raya Tanjung Barat No, 81A RT 002/04, Tanjung Barat, Jagakarsa, Jakarta Selatan 12530,;https://www.champ-group.com/;433333400;20.0;AI;UOB KAY HIAN SEKURITAS;12/01/2022;20/01/2022;800;950;02/02/2022;04/02/2022;04/02/2022;07/02/2022;08/02/2022;25%;"[{""code"": ""AI"", ""name"": ""UOB KAY HIAN SEKURITAS"", ""percentage"": """"}]";;0.0;;;;;;;895.0;795.0;825.0;-25.0;-2.94%;50305400.0;-3%;-13%;-6%;122%;44%;31 Juli 2024;https://www.idx.co.id/id/perusahaan-tercatat/kinerja-saham-tercatat-baru/;30%;56%;13%;-66%;31 Juli 2024;https://www.idx.co.id/id/perusahaan-tercatat/kinerja-saham-tercatat-baru/
Closed;NTBK;;PT Nusatama Berkah Tbk;Industrials;Construction Machinery & Heavy Vehicles;Pengembangan;100.0;Industri Manufaktur Kendaraan Khusus;18 Office Park 6th Floor Suite C, Jl, TB Simatupang Kav, 18, Jakarta 12520, Indonesia;http://www.nusatama.com/;700000000;25.93;SF;SURYA FAJAR SEKURITAS;19/01/2022;27/01/2022;100;150;02/02/2022;07/02/2022;07/02/2022;08/02/2022;09/02/2022;35%;"[{""code"": ""SF"", ""name"": ""SURYA FAJAR SEKURITAS"", ""percentage"": """"}, {""code"": ""II"", ""name"": ""DANATAMA MAKMUR SEKURITAS"", ""percentage"": """"}]";NTBK-W;1.0;120.0;-;-;-;-;135.0;135.0;100.0;135.0;35.0;35.00%;1781381000.0;35%;3%;-33%;-50%;-50%;31 Juli 2024;https://www.idx.co.id/id/perusahaan-tercatat/kinerja-saham-tercatat-baru/;-6%;-22%;35%;149%;31 Juli 2024;https://www.idx.co.id/id/perusahaan-tercatat/kinerja-saham-tercatat-baru/
Closed;ADCP;;PT ADHI COMMUTER PROPERTI TBK;Properties & Real Estate;Real Estate Development & Management;Utama;130.0;Perhotelan dan Real Estate;South Building PT Adhi Karya (Persero) Tbk, Jl, Raya Pasar Minggu, Km, 18 Jakarta Selatan, DKI Jakarta 12510;https://www.adcp.co.id;2222222200;10.0;AZ;SUCOR SEKURITAS;27/01/2022;07/02/2022;130;200;16/02/2022;21/02/2022;21/02/2022;22/02/2022;23/02/2022;35%;"[{""code"": ""AZ"", ""name"": ""SUCOR SEKURITAS"", ""percentage"": """"}, {""code"": ""GR"", ""name"": ""PANIN SEKURITAS TBK"", ""percentage"": """"}, {""code"": ""YP"", ""name"": ""MIRAE ASSET SEKURITAS INDONESIA"", ""percentage"": """"}]";;0.0;;;;;;;174.0;121.0;122.0;-8.0;-6.15%;1648612000.0;-6%;-28%;-28%;-42%;-49%;31 Juli 2024;https://www.idx.co.id/id/perusahaan-tercatat/kinerja-saham-tercatat-baru/;5%;5%;10%;11%;31 Juli 2024;https://www.idx.co.id/id/perusahaan-tercatat/kinerja-saham-tercatat-baru/
Closed;SMKM;;PT Sumber Mas Konstruksi Tbk;Infrastructures;Heavy Constructions & Civil Engineering;Akselerasi;264.0;Jasa Konstruksi Umum;Gedung Graha Mustika Ratu, Lantai 5 Jalan Jend, Gatot Subroto Kav, 74-75 Jakarta Selatan, 12870;http://www.konstruksimas.co.id/;250000000;19.95;AO;ERDIKHA ELIT SEKURITAS;04/02/2022;10/02/2022;150;350;02/03/2022;07/03/2022;07/03/2022;08/03/2022;09/03/2022;25%;"[{""code"": ""AO"", ""name"": ""ERDIKHA ELIT SEKURITAS"", ""percentage"": """"}]";;0.0;;;;;;;290.0;238.0;238.0;-26.0;-9.85%;62122300.0;-10%;-33%;-2%;-7%;213%;31 Juli 2024;https://www.idx.co.id/id/perusahaan-tercatat/kinerja-saham-tercatat-baru/;2%;-60%;-9%;5%;31 Juli 2024;https://www.idx.co.id/id/perusahaan-tercatat/kinerja-saham-tercatat-baru/
Closed;NANO;;PT Nanotech Indonesia Global Tbk;Industrials;Business Support Services;Akselerasi;100.0;Penelitian & Pengembangan Ilmu Pengetahuan Alam & Teknologi Rekayasa Lainnya & Aktivitas Konsultasi;Gedung Nanoplex, Jl, Puspiptek Komplek Batan Lama A12, Kota Tangerang Selatan, Provinsi Banten - 15314;https://nig.co.id;1285000000;29.99;AI;UOB KAY HIAN SEKURITAS;08/02/2022;15/02/2022;95;105;02/03/2022;08/03/2022;08/03/2022;09/03/2022;10/03/2022;35%;"[{""code"": ""AI"", ""name"": ""UOB KAY HIAN SEKURITAS"", ""percentage"": """"}]";NANO-W;0.8;125.0;51;60;15;50;110.0;110.0;90.0;110.0;10.0;10.00%;750239800.0;10%;60%;-11%;-49%;-74%;31 Juli 2024;https://www.idx.co.id/id/perusahaan-tercatat/kinerja-saham-tercatat-baru/;11%;166%;88%;-55%;31 Juli 2024;https://www.idx.co.id/id/perusahaan-tercatat/kinerja-saham-tercatat-baru/
Closed;STAA;;PT SUMBER TANI AGUNG RESOURCES Tbk;Consumer Non-Cyclicals;Plantations & Crops;Utama;600.0;Perkebunan kelapa sawit & industri olah kelapa sawit baik secara langsung dan/atau Perusahaan Anak;;http://sta.co.id;877072000;8.06;DP;DBS VICKERS SEKURITAS INDONESIA;09/02/2022;15/02/2022;470;605;02/03/2022;08/03/2022;08/03/2022;09/03/2022;10/03/2022;25%;"[{""code"": ""DP"", ""name"": ""DBS VICKERS SEKURITAS INDONESIA"", ""percentage"": """"}]";;0.0;;;;;;600.0;750.0;600.0;750.0;150.0;25.00%;118709200.0;25%;36%;52%;93%;67%;31 Juli 2024;https://www.idx.co.id/id/perusahaan-tercatat/kinerja-saham-tercatat-baru/;-5%;-21%;-13%;-39%;31 Juli 2024;https://www.idx.co.id/id/perusahaan-tercatat/kinerja-saham-tercatat-baru/
Closed;BIKE;;PT Sepeda Bersama Indonesia Tbk;Consumer Cyclicals;Sport Equipment & Hobbies Goods;Pengembangan;170.0;Perdagangan Besar Sepeda;Jl, Alam Sutera Boulevard Kav, 12A, Pakulon, Serpong Utara Tangerang Selatan, Banten 15325;https://www.sepedabersamaindonesia.co.id;323334000;25.0;LG;TRIMEGAH SEKURITAS INDONESIA TBK,;15/02/2022;24/02/2022;160;170;14/03/2022;17/03/2022;17/03/2022;18/03/2022;21/03/2022;35%;"[{""code"": ""LG"", ""name"": ""TRIMEGAH SEKURITAS INDONESIA TBK"", ""percentage"": """"}, {""code"": ""XA"", ""name"": ""NH KORINDO SEKURITAS INDONESIA"", ""percentage"": """"}, {""code"": ""YP"", ""name"": ""MIRAE ASSET SEKURITAS INDONESIA"", ""percentage"": """"}]";BIKE-W;0.5;492.0;-;-;-;-;228.0;228.0;200.0;228.0;58.0;34.12%;86838500.0;34%;38%;1%;41%;22%;31 Juli 2024;https://www.idx.co.id/id/perusahaan-tercatat/kinerja-saham-tercatat-baru/;73%;351%;91%;-9%;31 Juli 2024;https://www.idx.co.id/id/perusahaan-tercatat/kinerja-saham-tercatat-baru/
Closed;WIRG;;PT WIR ASIA Tbk;Technology;Software;Pengembangan;168.0;Jasa teknologi informasi termasuk bidang multimedia, telekomunikasi dan periklanan;Jalan Panjang Raya No, 70 Kebon Jeruk Jakarta 11530 - Indonesia;https://www.wirglobal.com;2337090000;20.0;KI;CIPTADANA SEKURITAS ASIA;14/03/2022;17/03/2022;150;175;29/03/2022;31/03/2022;31/03/2022;01/04/2022;04/04/2022;35%;"[{""code"": ""KI"", ""name"": ""CIPTADANA SEKURITAS ASIA"", ""percentage"": """"}]";WIRG-W;0.3;188.0;-;-;-;-;226.0;226.0;226.0;226.0;58.0;34.52%;7415400.0;35%;227%;555%;152%;-11%;31 Juli 2024;https://www.idx.co.id/id/perusahaan-tercatat/kinerja-saham-tercatat-baru/;27%;59%;47%;42%;31 Juli 2024;https://www.idx.co.id/id/perusahaan-tercatat/kinerja-saham-tercatat-baru/
Closed;GOTO;;PT GoTo Gojek Tokopedia Tbk;Technology;Online Applications & Services;Ekonomi Baru;338.0;Penyedia platform digital yang mengintegrasikan on-demand services, e-commerce dan fintech services;Gedung Pasaraya Blok M, lantai 6-7 Jl, Iskandarsyah II No, 2, Jakarta 12160;https://www.gotocompany.com;40615056000;3.43;CC;MANDIRI SEKURITAS;15/03/2022;24/03/2022;316;346;01/04/2022;07/04/2022;07/04/2022;08/04/2022;11/04/2022;25%;"[{""code"": ""CC"", ""name"": ""MANDIRI SEKURITAS"", ""percentage"": """"}, {""code"": ""AZ"", ""name"": ""SUCOR SEKURITAS"", ""percentage"": """"}, {""code"": ""CP"", ""name"": ""KB VALBURY SEKURITAS"", ""percentage"": """"}, {""code"": ""GR"", ""name"": ""PANIN SEKURITAS TBK"", ""percentage"": """"}, {""code"": ""LG"", ""name"": ""TRIMEGAH SEKURITAS INDONESIA TBK"", ""percentage"": """"}, {""code"": ""NI"", ""name"": ""BNI SEKURITAS"", ""percentage"": """"}, {""code"": ""PD"", ""name"": ""INDO PREMIER SEKURITAS"", ""percentage"": """"}]";;0.0;;;;;;400.0;416.0;372.0;382.0;44.0;13.02%;9410897000.0;13%;12%;-30%;-28%;-72%;31 Juli 2024;https://www.idx.co.id/id/perusahaan-tercatat/kinerja-saham-tercatat-baru/;-61%;11%;30%;124%;31 Juli 2024;https://www.idx.co.id/id/perusahaan-tercatat/kinerja-saham-tercatat-baru/
Closed;SICO;;PT Sigma Energy Compressindo Tbk;Energy;Oil, Gas & Coal Equipment & Services;Pengembangan;230.0;Jasa Penyewaan Alat-Alat Untuk Monetisasi Minyak dan Gas Suar Bakar dengan Menggunakan Teknologi;GKM Green Tower 10th Floor Jl, TB Simatupang Kav 89 G Jakarta Selatan, 12520;https://sinerco.co.id;270000000;29.67;XA;NH KORINDO SEKURITAS INDONESIA;15/03/2022;18/03/2022;190;230;04/04/2022;06/04/2022;06/04/2022;07/04/2022;08/04/2022;25%;"[{""code"": ""XA"", ""name"": ""NH KORINDO SEKURITAS INDONESIA"", ""percentage"": """"}]";SICO-W;0.1;350.0;100;284;100;111;286.0;286.0;244.0;254.0;24.0;10.43%;496776500.0;10%;-16%;-32%;-21%;-40%;31 Juli 2024;https://www.idx.co.id/id/perusahaan-tercatat/kinerja-saham-tercatat-baru/;2%;-20%;28%;2%;31 Juli 2024;https://www.idx.co.id/id/perusahaan-tercatat/kinerja-saham-tercatat-baru/
Closed;TLDN;;PT Teladan Prima Agro Tbk,;Consumer Non-Cyclicals;Plantations & Crops;Pengembangan;580.0;Aktvitas perusahaan holding dan industri pengolahan kelapa sawit melalui Perusahaan Anak;Beltway Office Park Gedung B Lantai 7, Jl, TB Simatupang No,41, Kota Jakarta Selatan, 12540;https://www.teladanprima.com;517861200;4.0;NI;BNI SEKURITAS;17/03/2022;25/03/2022;520;600;04/04/2022;08/04/2022;08/04/2022;11/04/2022;12/04/2022;25%;"[{""code"": ""NI"", ""name"": ""BNI SEKURITAS"", ""percentage"": """"}]";;0.0;;;;;;;700.0;580.0;615.0;35.0;6.03%;173313600.0;6%;1%;17%;0%;-14%;31 Juli 2024;https://www.idx.co.id/id/perusahaan-tercatat/kinerja-saham-tercatat-baru/;4%;-3%;11%;-21%;31 Juli 2024;https://www.idx.co.id/id/perusahaan-tercatat/kinerja-saham-tercatat-baru/
Closed;MTMH;;PT Murni Sadar Tbk;Healthcare;Healthcare Providers;Utama;1280.0;Bergerak di bidang aktivitas rumah sakit swasta;Jl, Jawa No, 2, LK II, Gg, Buntu, Medan Timur, Kota Medan, Sumatera Utara - 20231;https://www.rsmurniteguh.com;254022800;12.28;KI;CIPTADANA SEKURITAS ASIA;24/03/2022;30/03/2022;1180;1480;13/04/2022;18/04/2022;18/04/2022;19/04/2022;20/04/2022;25%;"[{""code"": ""KI"", ""name"": ""CIPTADANA SEKURITAS ASIA"", ""percentage"": """"}, {""code"": ""SQ"", ""name"": ""BCA SEKURITAS"", ""percentage"": """"}]";;0.0;;;;;;1600.0;1600.0;1600.0;1600.0;320.0;25.00%;7236800.0;25%;21%;27%;51%;18%;31 Juli 2024;https://www.idx.co.id/id/perusahaan-tercatat/kinerja-saham-tercatat-baru/;12%;41%;12%;-122%;31 Juli 2024;https://www.idx.co.id/id/perusahaan-tercatat/kinerja-saham-tercatat-baru/
Closed;WINR;;PT Winner Nusantara Jaya Tbk;Properties & Real Estate;Real Estate Development & Management;Pemantauan Khusus;100.0;Bergerak dalam bidang property dan real estate;;https://www.winnergroup.id;1500000000;28.65;SH;ARTHA SEKURITAS INDONESIA;28/03/2022;04/04/2022;100;140;19/04/2022;21/04/2022;21/04/2022;22/04/2022;25/04/2022;35%;"[{""code"": ""SH"", ""name"": ""ARTHA SEKURITAS INDONESIA"", ""percentage"": """"}, {""code"": ""PG"", ""name"": ""PANCA GLOBAL SEKURITAS"", ""percentage"": """"}, {""code"": ""YP"", ""name"": ""MIRAE ASSET SEKURITAS INDONESIA"", ""percentage"": """"}]";WINR-W;0.866666667;250.0;35;51;25;43;130.0;135.0;114.0;135.0;35.0;35.00%;1050397000.0;35%;112%;76%;-50%;-50%;31 Juli 2024;https://www.idx.co.id/id/perusahaan-tercatat/kinerja-saham-tercatat-baru/;8%;5%;1%;554%;31 Juli 2024;https://www.idx.co.id/id/perusahaan-tercatat/kinerja-saham-tercatat-baru/
Closed;IBOS;;PT Indo Boga Sukses Tbk;Consumer Non-Cyclicals;Processed Foods;Akselerasi;100.0;Restoran dan Aktivitas Perusahaan Holding;Jalan Raya Randugowang, Desa Sendangadi, Kecamatan Mlati, Kabupaten Sleman, Yogyakarta 55285;https://indobogasukses.com/;1607360000;20.0;SF;SURYA FAJAR SEKURITAS;31/03/2022;06/04/2022;65;100;19/04/2022;21/04/2022;21/04/2022;22/04/2022;25/04/2022;35%;"[{""code"": ""SF"", ""name"": ""SURYA FAJAR SEKURITAS"", ""percentage"": """"}, {""code"": ""XA"", ""name"": ""NH KORINDO SEKURITAS INDONESIA"", ""percentage"": """"}]";IBOS-W;0.5;180.0;-;-;-;-;110.0;110.0;90.0;110.0;10.0;10.00%;261111700.0;10%;18%;21%;-8%;152%;31 Juli 2024;https://www.idx.co.id/id/perusahaan-tercatat/kinerja-saham-tercatat-baru/;2%;-2%;-1%;-12%;31 Juli 2024;https://www.idx.co.id/id/perusahaan-tercatat/kinerja-saham-tercatat-baru/
Closed;OLIV;;PT Oscar Mitra Sukses Sejahtera Tbk,;Consumer Non-Cyclicals;Household Products;Akselerasi;100.0;Perdagangan eceran furniture untuk barang perlengkapan rumah tangga dan perlengkapan dapur;Jl, Otista Raya No, 33, Jakarta Timur, Indonesia;https://www.oscarliving.com;400000000;21.1;II;DANATAMA MAKMUR SEKURITAS;04/04/2022;18/04/2022;100;125;09/05/2022;12/05/2022;12/05/2022;13/05/2022;17/05/2022;35%;"[{""code"": ""II"", ""name"": ""DANATAMA MAKMUR SEKURITAS"", ""percentage"": """"}]";OLIV-W;1.0;120.0;-;-;-;-;110.0;110.0;100.0;101.0;1.0;1.00%;324042700.0;1%;0%;1%;-70%;-79%;31 Juli 2024;https://www.idx.co.id/id/perusahaan-tercatat/kinerja-saham-tercatat-baru/;-10%;-26%;-65%;-534%;31 Juli 2024;https://www.idx.co.id/id/perusahaan-tercatat/kinerja-saham-tercatat-baru/
Closed;ASHA;;PT Cilacap Samudera Fishing Industry Tbk;Consumer Non-Cyclicals;Food Retail & Distributors;Pemantauan Khusus;100.0;Bergerak Dalam Bidang Perdagangan Besar Hasil Perikanan dan Aktivitas Cold Storage;Jl, Muara Baru Ujung K No, 7D RT 021 RW 17 Penjaringan Jakarta Utara, Indonesia;https://www.csfi.co.id/;1250000000;25.0;HD;KGI SEKURITAS INDONESIA;22/04/2022;27/04/2022;100;125;19/05/2022;24/05/2022;24/05/2022;25/05/2022;27/05/2022;35%;"[{""code"": ""HD"", ""name"": ""KGI SEKURITAS INDONESIA"", ""percentage"": """"}, {""code"": ""BQ"", ""name"": ""KOREA INVESTMENT AND SEKURITAS INDONESIA"", ""percentage"": """"}]";;0.0;;;;;;135.0;135.0;99.0;135.0;35.0;35.00%;573529400.0;35%;280%;86%;35%;-4%;31 Juli 2024;https://www.idx.co.id/id/perusahaan-tercatat/kinerja-saham-tercatat-baru/;-8%;8%;-10%;-250%;31 Juli 2024;https://www.idx.co.id/id/perusahaan-tercatat/kinerja-saham-tercatat-baru/
Canceled;NPII;;PT Mandiri Mineral Perkasa Tbk;Basic Materials;Mining Equipment & Services;;;Bergerak di bidang jasa penunjang pertambangan dan penggalian lainnya;Citra Tower Kemayoran, Jl, Benyamin Suaeb Kav A6 Lt, 18A, Kebon Kosong, Kemayoran, Jakarta Pusat;https://www.mandirimineralperkasa.co.id;950000000;0.73;SF;SURYA FAJAR SEKURITAS;20/05/2022;30/05/2022;132;142;;;;;;35%;"[{""code"": ""SF"", ""name"": ""SURYA FAJAR SEKURITAS"", ""percentage"": """"}, {""code"": ""MI"", ""name"": ""VICTORIA SEKURITAS INDONESIA"", ""percentage"": """"}]";NPII-W;5.0;500.0;-;-;-;-;;;;;;;;;;;;;31 Juli 2024;https://www.idx.co.id/id/perusahaan-tercatat/kinerja-saham-tercatat-baru/;;;;;31 Juli 2024;https://www.idx.co.id/id/perusahaan-tercatat/kinerja-saham-tercatat-baru/
Closed;SWID;;PT Saraswanti Indoland Development Tbk;Properties & Real Estate;Real Estate Development & Management;Pengembangan;200.0;Bergerak dalam bidang usaha Properti & Real Estate;Jalan Palagan Tentara Pelajar KM, 7 Sariharjo, Ngaglik, Kab, Sleman, Daerah Istimewa Yogyakarta Indonesia - 55581;https://saraswantiproperty.com/;340000000;6.31;AH;SHINHAN SEKURITAS INDONESIA;17/06/2022;23/06/2022;180;200;01/07/2022;05/07/2022;05/07/2022;06/07/2022;07/07/2022;35%;"[{""code"": ""AH"", ""name"": ""SHINHAN SEKURITAS INDONESIA"", ""percentage"": """"}]";SWID-W;1.0;250.0;-;-;-;-;;270.0;204.0;216.0;16.0;8.00%;419136400.0;8%;-19%;-28%;-50%;-60%;31 Juli 2024;https://www.idx.co.id/id/perusahaan-tercatat/kinerja-saham-tercatat-baru/;14%;27%;5%;-7%;31 Juli 2024;https://www.idx.co.id/id/perusahaan-tercatat/kinerja-saham-tercatat-baru/
Closed;TRGU;;PT Cerestar Indonesia Tbk;Consumer Non-Cyclicals;Processed Foods;Utama;210.0;Industri Tepung Terigu dan Perdagangan Serealia/Biji-Bijian Melalui Perusahaan Anak dan Jasa Konsult;;http://www.cerestargroup.co.id;1500000000;18.87;MG;SEMESTA INDOVEST SEKURITAS;17/06/2022;23/06/2022;200;210;04/07/2022;06/07/2022;06/07/2022;07/07/2022;08/07/2022;25%;"[{""code"": ""MG"", ""name"": ""SEMESTA INDOVEST SEKURITAS"", ""percentage"": """"}]";;0.0;;;;;;262.0;262.0;262.0;262.0;52.0;24.76%;18731300.0;25%;124%;62%;5%;2%;31 Juli 2024;https://www.idx.co.id/id/perusahaan-tercatat/kinerja-saham-tercatat-baru/;-8%;-11%;63%;-97%;31 Juli 2024;https://www.idx.co.id/id/perusahaan-tercatat/kinerja-saham-tercatat-baru/
Closed;ARKO;;PT Arkora Hydro Tbk;Infrastructures;Electric Utilities;Pengembangan;300.0;Pembangkitan tenaga listrik melalui sumber energi baru dan terbarukan yang berasal dari aliran air;Office 8 Building, Lantai 21 Unit C & D, Jl, Jend, Sudirman Kav, 52-53, Lot 28 SCBD Jakarta 12190, Indonesia;http://www.arkora-hydro.com/;579900000;20.0;YP;MIRAE ASSET SEKURITAS INDONESIA;20/06/2022;28/06/2022;286;310;04/07/2022;06/07/2022;06/07/2022;07/07/2022;08/07/2022;25%;"[{""code"": ""YP"", ""name"": ""MIRAE ASSET SEKURITAS INDONESIA"", ""percentage"": """"}, {""code"": ""YJ"", ""name"": ""LOTUS ANDALAN SEKURITAS"", ""percentage"": """"}]";;0.0;;;;;;300.0;338.0;280.0;280.0;-20.0;-6.67%;166031300.0;-7%;5%;98%;88%;113%;31 Juli 2024;https://www.idx.co.id/id/perusahaan-tercatat/kinerja-saham-tercatat-baru/;22%;31%;-28%;-26%;31 Juli 2024;https://www.idx.co.id/id/perusahaan-tercatat/kinerja-saham-tercatat-baru/
Closed;CHEM;;PT Chemstar Indonesia Tbk;Basic Materials;Specialty Chemicals;Pengembangan;150.0;Perseroan bergerak dalam Industri dan perdagangan bahan kimia spesialisasi untuk industri tekstil;Jl, Industri Ubrug No, 70, Kp, Cisampih, Kel, Cibinong, Kec, Jatiluhur, Kab, Purwakarta, Jawa Barat 41152;https://www.chemstarindonesia.com;500000000;29.41;XA;NH KORINDO SEKURITAS INDONESIA;20/06/2022;23/06/2022;150;190;04/07/2022;06/07/2022;06/07/2022;07/07/2022;08/07/2022;35%;"[{""code"": ""XA"", ""name"": ""NH KORINDO SEKURITAS INDONESIA"", ""percentage"": """"}]";CHEM-W;0.5;200.0;-;-;-;-;;190.0;141.0;155.0;5.0;3.33%;626280600.0;3%;-17%;-18%;-6%;-29%;31 Juli 2024;https://www.idx.co.id/id/perusahaan-tercatat/kinerja-saham-tercatat-baru/;8%;47%;-6%;-91%;31 Juli 2024;https://www.idx.co.id/id/perusahaan-tercatat/kinerja-saham-tercatat-baru/
Closed;GULA;;PT Aman Agrindo Tbk;Consumer Non-Cyclicals;Processed Foods;Pengembangan;250.0;Bergerak di bidang perkebunan tebu, perdagangan gula dan industri gula;Jl,MT, Haryono 864-866 Ruko Bangkong Plaza C-10, Kelurahan Peterongan, Kecamatan Semarang Selatan, Kota Semarang, Provinsi Jawa Tengah, 50242;https://www.amanagrindo.co.id/;214072500;20.0;AI;UOB KAY HIAN SEKURITAS;23/06/2022;15/07/2022;250;300;28/07/2022;01/08/2022;01/08/2022;02/08/2022;03/08/2022;25%;"[{""code"": ""AI"", ""name"": ""UOB KAY HIAN SEKURITAS"", ""percentage"": """"}]";;0.0;;;;;;294.0;312.0;240.0;254.0;4.0;1.60%;523871000.0;2%;-9%;-16%;78%;34%;31 Juli 2024;https://www.idx.co.id/id/perusahaan-tercatat/kinerja-saham-tercatat-baru/;13%;45%;100%;106%;31 Juli 2024;https://www.idx.co.id/id/perusahaan-tercatat/kinerja-saham-tercatat-baru/
Closed;DEWI;;PT Dewi Shri Farmindo Tbk;Consumer Non-Cyclicals;Fish, Meat, & Poultry;Pengembangan;100.0;Bergerak di bidang budidaya ayam ras pedaging dan perdagangan eceran hewan ternak;Kampung Cimenyan, RT 003/RW 003, Desa Cintaasih, Kecamatan Grekbong, Cianjur, Jawa Barat;https://www.dewishrifarmindo.com;700000000;35.0;HD;KGI SEKURITAS INDONESIA;27/06/2022;29/06/2022;100;110;12/07/2022;14/07/2022;14/07/2022;15/07/2022;18/07/2022;35%;"[{""code"": ""HD"", ""name"": ""KGI SEKURITAS INDONESIA"", ""percentage"": """"}, {""code"": ""AR"", ""name"": ""BINAARTHA SEKURITAS"", ""percentage"": """"}]";;0.0;;;;;;135.0;135.0;114.0;135.0;35.0;35.00%;509459000.0;35%;48%;78%;124%;-32%;31 Juli 2024;https://www.idx.co.id/id/perusahaan-tercatat/kinerja-saham-tercatat-baru/;11%;69%;-24%;-19%;31 Juli 2024;https://www.idx.co.id/id/perusahaan-tercatat/kinerja-saham-tercatat-baru/
Closed;AXIO;;PT Tera Data Indonusa Tbk,;Technology;Computer Hardware;Utama;140.0;Perdagangan Besar Komputer dan Perlengkapan Komputer;Wisma Exa Jl, Inspeksi PAM No,168, Cakung Barat Jakarta Timur 13910;https://www.terra.co.id/;1040126500;17.81;NI;BNI SEKURITAS;29/06/2022;05/07/2022;120;140;14/07/2022;18/07/2022;18/07/2022;19/07/2022;20/07/2022;35%;"[{""code"": ""NI"", ""name"": ""BNI SEKURITAS"", ""percentage"": """"}]";;0.0;;;;;;160.0;189.0;160.0;189.0;49.0;35.00%;75657800.0;35%;54%;103%;43%;-4%;31 Juli 2024;https://www.idx.co.id/id/perusahaan-tercatat/kinerja-saham-tercatat-baru/;-14%;-32%;-15%;41%;31 Juli 2024;https://www.idx.co.id/id/perusahaan-tercatat/kinerja-saham-tercatat-baru/
Closed;HATM;;PT HABCO TRANS MARITIMA TBK;Transportation & Logistic;Logistics & Deliveries;Utama;160.0;Pengangkutan dengan Kegiatan Usaha Angkutan Laut Dalam Negeri untuk Barang Khusus;Jalan H, Imam Munandar No, 247 F-G, Kel Tangkerang Utara, Kec Bukit Raya, Pekanbaru, Riau 28282;https://habcomaritima.com/;1118750000;16.65;XA;NH KORINDO SEKURITAS INDONESIA;29/06/2022;01/07/2022;150;250;20/07/2022;22/07/2022;22/07/2022;25/07/2022;26/07/2022;35%;"[{""code"": ""XA"", ""name"": ""NH KORINDO SEKURITAS INDONESIA"", ""percentage"": """"}]";;0.0;;;;;;;212.0;149.0;163.0;3.0;1.88%;781039300.0;2%;18%;181%;81%;33%;31 Juli 2024;https://www.idx.co.id/id/perusahaan-tercatat/kinerja-saham-tercatat-baru/;46%;950%;55%;39%;31 Juli 2024;https://www.idx.co.id/id/perusahaan-tercatat/kinerja-saham-tercatat-baru/
Closed;KRYA;;PT Bangun Karya Perkasa Jaya Tbk,;Infrastructures;Heavy Constructions & Civil Engineering;Pengembangan;125.0;Bergerak dalam bidang konstruksi umum dan konstruksi baja;Jl, Pattimura Plaza Segi Delapan C 851-852, Sonokwijenan, Sukomanunggal, Surabaya, Indonesia 60189;https://www.ptbkpjaya.com/;325000000;20.0;IU;INDO CAPITAL SEKURITAS;30/06/2022;06/07/2022;120;130;19/07/2022;21/07/2022;21/07/2022;22/07/2022;25/07/2022;35%;"[{""code"": ""IU"", ""name"": ""INDO CAPITAL SEKURITAS"", ""percentage"": """"}]";KRYA-W;0.5;156.0;-;-;-;-;;168.0;117.0;117.0;-8.0;-6.40%;;-6%;-18%;73%;196%;-35%;31 Juli 2024;https://www.idx.co.id/id/perusahaan-tercatat/kinerja-saham-tercatat-baru/;23%;54%;-28%;-85%;31 Juli 2024;https://www.idx.co.id/id/perusahaan-tercatat/kinerja-saham-tercatat-baru/
Closed;AMMS;;PT Agung Menjangan Mas Tbk;Consumer Non-Cyclicals;Fish, Meat, & Poultry;Akselerasi;100.0;Menjalankan usaha dalam bidang jasa sarana produksi dan jasa pasca panen budidaya ikan air payau;Generali Tower Grand Rubina Business Park Lt,20 C Jl, H,R, Rasuna Said, Kuningan, Jakarta Selatan 12940;https://agungmm.com/;240000000;20.0;IU;INDO CAPITAL SEKURITAS;07/07/2022;13/07/2022;100;150;29/07/2022;02/08/2022;02/08/2022;03/08/2022;04/08/2022;35%;"[{""code"": ""IU"", ""name"": ""INDO CAPITAL SEKURITAS"", ""percentage"": """"}]";AMMS-W;1.4;100.0;10;15;5;11;108.0;110.0;90.0;105.0;5.0;5.00%;368990300.0;5%;8%;35%;-59%;-63%;31 Juli 2024;https://www.idx.co.id/id/perusahaan-tercatat/kinerja-saham-tercatat-baru/;1%;30%;3%;-86%;31 Juli 2024;https://www.idx.co.id/id/perusahaan-tercatat/kinerja-saham-tercatat-baru/
Closed;RCCC;;PT Utama Radar Cahaya Tbk;Transportation & Logistic;Logistics & Deliveries;Akselerasi;135.0;Bergerak di Bidang Jasa Pengurusan Transportasi (Freight Forwarding);Kantor Pusat: Gedung STC Senayan, Lantai 2, Ruang 38, Jl, Asia Afrika Pintu IX, Gelora, Tanah Abang Jakarta Pusat 10270, Indonesia Garasi dan Bengkel: Jl, Curug Dengdeng, Desa Lulut, Kec, Klapanunggal, Cileungsi, Kab, Bogor, Jawa Barat, Indonesia;https://www.utamaradarcahaya.com;150000000;20.0;SA;ELIT SUKSES SEKURITAS;08/07/2022;12/07/2022;110;150;27/07/2022;29/07/2022;29/07/2022;01/08/2022;02/08/2022;35%;"[{""code"": ""SA"", ""name"": ""ELIT SUKSES SEKURITAS"", ""percentage"": """"}]";;0.0;;;;;;148.0;148.0;122.0;122.0;-13.0;-9.63%;215046195.0;-10%;6%;-15%;-1%;13%;31 Juli 2024;https://www.idx.co.id/id/perusahaan-tercatat/kinerja-saham-tercatat-baru/;41%;94%;24%;-9%;31 Juli 2024;https://www.idx.co.id/id/perusahaan-tercatat/kinerja-saham-tercatat-baru/
Closed;JARR;;PT Jhonlin Agro Raya Tbk;Consumer Non-Cyclicals;Plantations & Crops;Utama;300.0;Perkebunan dan Pengolahan Minyak Kelapa Sawit Terpadu;Kantor: Jl, Kodeco KM 1, Kel, Gunung Antasari, Kec, Simpang Empat, Kab, Tanah Bumbu, Kalimatan Selatan 72213 Operasional: Pabrik Refinery dan Pabrik Biodiesel di Desa Batu Ampar, Kec, Simpang Empat, Kab, Tanah Bumbu, Kalimantan Selatan;https://www.ptjar.com;1222950000;15.29;IN;INVESTINDO NUSANTARA SEKURITAS;12/07/2022;15/07/2022;250;300;29/07/2022;02/08/2022;02/08/2022;03/08/2022;04/08/2022;25%;"[{""code"": ""IN"", ""name"": ""INVESTINDO NUSANTARA SEKURITAS"", ""percentage"": """"}, {""code"": ""AR"", ""name"": ""BINAARTHA SEKURITAS"", ""percentage"": """"}, {""code"": ""PG"", ""name"": ""PANCA GLOBAL SEKURITAS"", ""percentage"": """"}, {""code"": ""YJ"", ""name"": ""LOTUS ANDALAN SEKURITAS"", ""percentage"": """"}]";;0.0;;;;;;360.0;374.0;328.0;374.0;74.0;24.67%;170219700.0;25%;68%;46%;-8%;-39%;31 Juli 2024;https://www.idx.co.id/id/perusahaan-tercatat/kinerja-saham-tercatat-baru/;5%;0%;-4%;85%;31 Juli 2024;https://www.idx.co.id/id/perusahaan-tercatat/kinerja-saham-tercatat-baru/
Closed;MORA;;PT Mora Telematika Indonesia Tbk;Infrastructures;Wired Telecommunication Service;Utama;396.0;Aktivitas telekomunikasi dengan kabel, internet service provider & jasa interkoneksi internet (NAP);Grha 9, Lantai 6, Jl, Panataran No, 9, Proklamasi, Jakarta 10320 Indonesia;https://www.moratelindo.co.id;2525464300;10.68;AZ;SUCOR SEKURITAS;12/07/2022;18/07/2022;368;396;02/08/2022;04/08/2022;04/08/2022;05/08/2022;08/08/2022;25%;"[{""code"": ""AZ"", ""name"": ""SUCOR SEKURITAS"", ""percentage"": """"}, {""code"": ""NI"", ""name"": ""BNI SEKURITAS"", ""percentage"": """"}]";;0.0;;;;;;494.0;494.0;494.0;494.0;98.0;24.75%;14638600.0;25%;46%;48%;10%;18%;31 Juli 2024;https://www.idx.co.id/id/perusahaan-tercatat/kinerja-saham-tercatat-baru/;0%;-8%;-7%;1%;31 Juli 2024;https://www.idx.co.id/id/perusahaan-tercatat/kinerja-saham-tercatat-baru/
Closed;ELPI;;PT Pelayaran Nasional Ekalya Purnamasari Tbk;Transportation & Logistic;Logistics & Deliveries;Utama;200.0;Bergerak dalam bidang angkutan laut dan aktivitas penunjang angkutan;Graha KCT Lt, 3 Jl, W,R, Supratman No,23 Surabaya, Jawa Timur- Indonesia;https://www.pnep.co.id;1112000000;15.0;LG;TRIMEGAH SEKURITAS INDONESIA TBK,;14/07/2022;21/07/2022;190;240;02/08/2022;04/08/2022;04/08/2022;05/08/2022;08/08/2022;35%;"[{""code"": ""LG"", ""name"": ""TRIMEGAH SEKURITAS INDONESIA TBK"", ""percentage"": """"}]";;0.0;;;;;;270.0;270.0;224.0;270.0;70.0;35.00%;655243700.0;35%;37%;14%;3%;16%;31 Juli 2024;https://www.idx.co.id/id/perusahaan-tercatat/kinerja-saham-tercatat-baru/;22%;103%;70%;55%;31 Juli 2024;https://www.idx.co.id/id/perusahaan-tercatat/kinerja-saham-tercatat-baru/
Closed;RAFI;;PT Sari Kreasi Boga Tbk;Consumer Non-Cyclicals;Food Retail & Distributors;Pemantauan Khusus;126.0;Perseroan bergerak di bidang penjualan bahan baku dan waralaba makanan dan minuman,;Tower A lt,3, Jl, Ampera Raya RW2, Ragunan, Kec, Ps, Minggu, Kota Jakarta Selatan, Daerah Khusus Ibukota Jakarta 12540;https://skbfood.id/;948090000;30.31;IN;INVESTINDO NUSANTARA SEKURITAS;18/07/2022;22/07/2022;120;130;01/08/2022;03/08/2022;03/08/2022;04/08/2022;05/08/2022;35%;"[{""code"": ""IN"", ""name"": ""INVESTINDO NUSANTARA SEKURITAS"", ""percentage"": """"}, {""code"": ""CP"", ""name"": ""KB VALBURY SEKURITAS"", ""percentage"": """"}]";RAFI-W;0.5;158.0;-;-;-;-;136.0;170.0;136.0;170.0;44.0;34.92%;102116400.0;35%;39%;84%;-8%;-49%;31 Juli 2024;https://www.idx.co.id/id/perusahaan-tercatat/kinerja-saham-tercatat-baru/;67%;158%;8%;1101%;31 Juli 2024;https://www.idx.co.id/id/perusahaan-tercatat/kinerja-saham-tercatat-baru/
Closed;KKES;;PT Kusuma Kemindo Sentosa Tbk;Basic Materials;Basic Chemicals;Pemantauan Khusus;105.0;Perdagangan Besar Bahan dan Barang Kimia;Green Ville Maisonette Blok FA / 12A, Jakarta Barat, DKI Jakarta, 11510 - Indonesia;https://kks-chemicals.com;300000000;20.0;YP;MIRAE ASSET SEKURITAS INDONESIA;19/07/2022;27/07/2022;100;130;02/08/2022;04/08/2022;04/08/2022;05/08/2022;08/08/2022;35%;"[{""code"": ""YP"", ""name"": ""MIRAE ASSET SEKURITAS INDONESIA"", ""percentage"": """"}]";;0.0;;;;;;;138.0;104.0;127.0;22.0;20.95%;1016123800.0;21%;13%;62%;-10%;-49%;31 Juli 2024;https://www.idx.co.id/id/perusahaan-tercatat/kinerja-saham-tercatat-baru/;8%;10%;-3%;-17%;31 Juli 2024;https://www.idx.co.id/id/perusahaan-tercatat/kinerja-saham-tercatat-baru/
Closed;TOOL;;PT Rohartindo Nusantara Luas Tbk;Consumer Cyclicals;Household Appliances;Pengembangan;127.0;bergerak dalam bidang usaha Perdagangan besar;Jalan Raya Perancis, Pergudangan Kosambi Permai, Blok J No, 32, Kabupaten Tangerang, Provinsi Banten;http://www.nankai.co.id/;410000000;20.0;YP;MIRAE ASSET SEKURITAS INDONESIA;19/07/2022;26/07/2022;122;135;02/08/2022;05/08/2022;05/08/2022;08/08/2022;09/08/2022;35%;"[{""code"": ""YP"", ""name"": ""MIRAE ASSET SEKURITAS INDONESIA"", ""percentage"": """"}]";TOOL-W;0.5;500.0;-;-;-;-;160.0;171.0;160.0;171.0;44.0;34.65%;5151900.0;35%;9%;-14%;-41%;-54%;31 Juli 2024;https://www.idx.co.id/id/perusahaan-tercatat/kinerja-saham-tercatat-baru/;10%;-30%;45%;117%;31 Juli 2024;https://www.idx.co.id/id/perusahaan-tercatat/kinerja-saham-tercatat-baru/
Closed;BUAH;;PT Segar Kumala Indonesia Tbk;Consumer Non-Cyclicals;Food Retail & Distributors;Pengembangan;388.0;Bergerak di bidang Perdagangan Besar Buah-buahan dan Daging Unggas Beku;Jl, Pegangsaan Dua KM, 4 No,89, Pegangsaan Dua, Kelapa Gading, Jakarta Utara, 14250;https://sk-indonesia.com/;200000000;20.0;LS;RELIANCE SEKURITAS INDONESIA TBK,;20/07/2022;26/07/2022;350;400;02/08/2022;05/08/2022;05/08/2022;08/08/2022;09/08/2022;25%;"[{""code"": ""LS"", ""name"": ""RELIANCE SEKURITAS INDONESIA TBK"", ""percentage"": """"}]";;0.0;;;;;;;484.0;388.0;484.0;96.0;24.74%;50060300.0;25%;20%;61%;178%;272%;31 Juli 2024;https://www.idx.co.id/id/perusahaan-tercatat/kinerja-saham-tercatat-baru/;-1%;-15%;29%;46%;31 Juli 2024;https://www.idx.co.id/id/perusahaan-tercatat/kinerja-saham-tercatat-baru/
Closed;CRAB;;PT Toba Surimi Industries Tbk;Consumer Non-Cyclicals;Processed Foods;Pengembangan;150.0;Industri Pembekuan, Pengolahan, Pengawetan, Perdagangan Besar Makanan &Minuman serta Hasil Perikanan;;https://www.tobasurimi.com/;390000000;20.0;HD;KGI SEKURITAS INDONESIA;20/07/2022;25/07/2022;100;150;02/08/2022;08/08/2022;08/08/2022;09/08/2022;10/08/2022;35%;"[{""code"": ""HD"", ""name"": ""KGI SEKURITAS INDONESIA"", ""percentage"": """"}]";;0.0;;;;;;202.0;202.0;202.0;202.0;52.0;34.67%;43573900.0;35%;56%;59%;41%;59%;31 Juli 2024;https://www.idx.co.id/id/perusahaan-tercatat/kinerja-saham-tercatat-baru/;9%;11%;5%;69%;31 Juli 2024;https://www.idx.co.id/id/perusahaan-tercatat/kinerja-saham-tercatat-baru/
Closed;EURO;;PT Estee Gold Feet Tbk;Consumer Non-Cyclicals;Personal Care Products;Akselerasi;70.0;Industri pengisian jasa aerosol kosmetik dan bahan pembersih keperluan rumah tangga;Jl, Kapuk Utara II No,2, RT,1/RW,3, Kapuk Muara, Penjaringan Jakarta Utara, 14460, Indonesia;https://esteegoldaerosol.com/;500000000;20.0;II;DANATAMA MAKMUR SEKURITAS;20/07/2022;28/07/2022;60;70;01/08/2022;04/08/2022;04/08/2022;05/08/2022;08/08/2022;35%;"[{""code"": ""II"", ""name"": ""DANATAMA MAKMUR SEKURITAS"", ""percentage"": """"}]";EURO-W;0.1;100.0;-;-;-;-;;77.0;69.0;70.0;0.0;0.00%;169005200.0;0%;0%;0%;417%;217%;31 Juli 2024;https://www.idx.co.id/id/perusahaan-tercatat/kinerja-saham-tercatat-baru/;11%;-39%;-22%;-13%;31 Juli 2024;https://www.idx.co.id/id/perusahaan-tercatat/kinerja-saham-tercatat-baru/
Closed;KLIN;;PT Klinko Karya Imaji Tbk;Consumer Cyclicals;Home Improvement Retail;Akselerasi;100.0;Bergerak di Bidang Produksi dan Perdagangan Produk Alat-Alat Kebersihan yang Ramah Lingkungan;Jl, Raya Driyorejo Km 25, Desa/Kelurahan Driyorejo, Kec, Driyorejo, Kab, Gresik, Jawa Timur 61177, Indonesia;https://www.klinko.id/;230000000;17.59;SA;ELIT SUKSES SEKURITAS;20/07/2022;25/07/2022;90;100;02/08/2022;05/08/2022;05/08/2022;08/08/2022;09/08/2022;35%;"[{""code"": ""SA"", ""name"": ""ELIT SUKSES SEKURITAS"", ""percentage"": """"}]";KLIN-W;0.25;100.0;-;-;-;-;90.0;90.0;90.0;90.0;-10.0;-10.00%;21058300.0;-10%;-26%;-44%;-69%;-54%;31 Juli 2024;https://www.idx.co.id/id/perusahaan-tercatat/kinerja-saham-tercatat-baru/;0%;-3%;126%;-143%;31 Juli 2024;https://www.idx.co.id/id/perusahaan-tercatat/kinerja-saham-tercatat-baru/
Closed;MEDS;;PT Hetzer Medical Indonesia Tbk;Healthcare;Healthcare Supplies & Distributions;Pengembangan;125.0;Industri Peralatan Kesehatan dan Turunannya;Jl, Mahar Martanegara No, 106, Kel, Cigugur Tengah Kec, Cimahi Tengah, Kota Cimahi, Provinsi Jawa Barat 40522;https://www.evoplusmed.com;312500000;20.0;AN;WANTEG SEKURITAS;21/07/2022;26/07/2022;125;175;02/08/2022;08/08/2022;08/08/2022;09/08/2022;10/08/2022;35%;"[{""code"": ""AN"", ""name"": ""WANTEG SEKURITAS"", ""percentage"": """"}]";;0.0;;;;;;168.0;168.0;168.0;168.0;43.0;34.40%;55249600.0;34%;127%;114%;0%;-38%;31 Juli 2024;https://www.idx.co.id/id/perusahaan-tercatat/kinerja-saham-tercatat-baru/;-5%;-1%;-40%;-1606%;31 Juli 2024;https://www.idx.co.id/id/perusahaan-tercatat/kinerja-saham-tercatat-baru/
Closed;COAL;;PT Black Diamond Resources Tbk;Energy;Coal Production;Pemantauan Khusus;100.0;Pertambangan Batubara Melalui Entitas Anak;Gedung Centennial Tower Lt 21 Unit H , Jl, Jenderal Gatot Subroto No, 24-25, Jakarta Selatan 12930;https://blackdiamondtbk.com/;1250000000;20.0;SF;SURYA FAJAR SEKURITAS;12/08/2022;22/08/2022;100;130;01/09/2022;05/09/2022;05/09/2022;06/09/2022;07/09/2022;35%;"[{""code"": ""SF"", ""name"": ""SURYA FAJAR SEKURITAS"", ""percentage"": """"}]";;0.0;;;;;;135.0;135.0;135.0;135.0;35.0;35.00%;10373300.0;35%;280%;354%;36%;-45%;31 Juli 2024;https://www.idx.co.id/id/perusahaan-tercatat/kinerja-saham-tercatat-baru/;7%;2%;-2%;-58%;31 Juli 2024;https://www.idx.co.id/id/perusahaan-tercatat/kinerja-saham-tercatat-baru/
Closed;OMED;;PT Jayamas Medica Industri Tbk;Healthcare;Healthcare Supplies & Distributions;Utama;204.0;Bergerak di bidang usaha manufaktur alat kesehatan dan perbekalan kesehatan rumah tangga lainnya;Sebelah Selatan Jalan By Pass RT 05 / RW 01 Kelurahan Sidomojo, Kecamatan Krian, Sidoarjo 61262, Jawa Timur;https://www.onemed.co.id;4058850000;15.0;KI;CIPTADANA SEKURITAS ASIA;06/10/2022;19/10/2022;204;310;02/11/2022;04/11/2022;04/11/2022;07/11/2022;08/11/2022;25%;"[{""code"": ""KI"", ""name"": ""CIPTADANA SEKURITAS ASIA"", ""percentage"": """"}]";;0.0;;;;;;254.0;254.0;210.0;252.0;48.0;23.53%;1191179900.0;24%;26%;17%;-3%;3%;31 Juli 2024;https://www.idx.co.id/id/perusahaan-tercatat/kinerja-saham-tercatat-baru/;3%;-23%;0%;-10%;31 Juli 2024;https://www.idx.co.id/id/perusahaan-tercatat/kinerja-saham-tercatat-baru/
Closed;BSBK;;PT Wulandari Bangun Laksana Tbk;Properties & Real Estate;Real Estate Development & Management;Utama;100.0;Bergerak dalam bidang property dan real estate;Jl, Jend, Sudirman Nomor 47 Tower G Komplek Balikpapan Superblock Stall Kuda, Kelurahan Damai Bahagia, Kec, Balikpapan Selatan, Kota Balikpapan, Provinsi Kalimantan Timur, 76114;https://www.balikpapansuperblock.com;2750000000;12.09;SH;ARTHA SEKURITAS INDONESIA;10/10/2022;17/10/2022;100;120;02/11/2022;04/11/2022;04/11/2022;07/11/2022;08/11/2022;35%;"[{""code"": ""SH"", ""name"": ""ARTHA SEKURITAS INDONESIA"", ""percentage"": """"}, {""code"": ""HD"", ""name"": ""KGI SEKURITAS INDONESIA"", ""percentage"": """"}, {""code"": ""PG"", ""name"": ""PANCA GLOBAL SEKURITAS"", ""percentage"": """"}]";BSBK-W;1.37;125.0;-;-;-;-;135.0;135.0;135.0;135.0;35.0;35.00%;281895000.0;35%;170%;140%;-50%;-50%;31 Juli 2024;https://www.idx.co.id/id/perusahaan-tercatat/kinerja-saham-tercatat-baru/;-1%;-8%;31%;896%;31 Juli 2024;https://www.idx.co.id/id/perusahaan-tercatat/kinerja-saham-tercatat-baru/
Closed;CBUT;;PT Citra Borneo Utama Tbk;Consumer Non-Cyclicals;Plantations & Crops;Utama;690.0;bidang industri pemurnian, pemisahan/fraksinasi dan perdagangan produk kelapa sawit dan turunannya;;http://www.citraborneoutama.co.id/;625000000;20.0;YP;MIRAE ASSET SEKURITAS INDONESIA;13/10/2022;19/10/2022;690;1280;02/11/2022;04/11/2022;04/11/2022;07/11/2022;08/11/2022;25%;"[{""code"": ""YP"", ""name"": ""MIRAE ASSET SEKURITAS INDONESIA"", ""percentage"": """"}, {""code"": ""AI"", ""name"": ""UOB KAY HIAN SEKURITAS"", ""percentage"": """"}, {""code"": ""OD"", ""name"": ""BRI DANAREKSA SEKURITAS"", ""percentage"": """"}]";;0.0;;;;;;690.0;860.0;690.0;860.0;170.0;24.64%;42598400.0;25%;21%;88%;180%;197%;31 Juli 2024;https://www.idx.co.id/id/perusahaan-tercatat/kinerja-saham-tercatat-baru/;44%;53%;7%;-35%;31 Juli 2024;https://www.idx.co.id/id/perusahaan-tercatat/kinerja-saham-tercatat-baru/
Closed;PDPP;;PT Primadaya Plastisindo Tbk;Basic Materials;Containers & Packaging;Pengembangan;200.0;Industri Barang Dari Plastik Untuk Pengemasan;;https://www.pt-pdp.com;500000000;20.0;MG;SEMESTA INDOVEST SEKURITAS;13/10/2022;20/10/2022;195;200;03/11/2022;07/11/2022;07/11/2022;08/11/2022;09/11/2022;35%;"[{""code"": ""MG"", ""name"": ""SEMESTA INDOVEST SEKURITAS"", ""percentage"": """"}]";;0.0;;;;;;270.0;270.0;270.0;270.0;70.0;35.00%;2742386.0;35%;16%;1%;45%;56%;31 Juli 2024;https://www.idx.co.id/id/perusahaan-tercatat/kinerja-saham-tercatat-baru/;3%;-17%;30%;65%;31 Juli 2024;https://www.idx.co.id/id/perusahaan-tercatat/kinerja-saham-tercatat-baru/
Closed;PRAY;;PT Famon Awal Bros Sedaya Tbk;Healthcare;Healthcare Providers;Pengembangan;900.0;Bergerak di bidang aktivitas perusahaan holding dan jasa pelayanan kesehatan melalui Perusahaan Anak;Ruko Mega Grosir Cempaka Mas Blok N/21 Sumur Batu, Kemayoran, Jakarta;https://primayahospital.com/;302222300;2.17;PD;INDO PREMIER SEKURITAS;14/10/2022;21/10/2022;900;950;01/11/2022;04/11/2022;04/11/2022;07/11/2022;08/11/2022;25%;"[{""code"": ""PD"", ""name"": ""INDO PREMIER SEKURITAS"", ""percentage"": """"}]";;0.0;;;;;;1080.0;1125.0;840.0;890.0;-10.0;-1.11%;63667800.0;-1%;-16%;-18%;-19%;-23%;31 Juli 2024;https://www.idx.co.id/id/perusahaan-tercatat/kinerja-saham-tercatat-baru/;19%;41%;21%;305%;31 Juli 2024;https://www.idx.co.id/id/perusahaan-tercatat/kinerja-saham-tercatat-baru/
Closed;BELI;;PT Global Digital Niaga Tbk;Technology;Online Applications & Services;Ekonomi Baru;450.0;Perdagangan eceran melalui media untuk barang campuran, aktivitas pengembangan aplikasi perdagangan;Jl, Jendral Ahmad Yani No, 34, Kel, Panjunan, Kec, Kota Kudus, Kab, Kudus 59317, Jawa Tengah;https://www.blibli.com;17771205900;15.0;OD;BRI DANAREKSA SEKURITAS;17/10/2022;24/10/2022;410;460;02/11/2022;04/11/2022;04/11/2022;07/11/2022;08/11/2022;25%;"[{""code"": ""OD"", ""name"": ""BRI DANAREKSA SEKURITAS"", ""percentage"": """"}, {""code"": ""CC"", ""name"": ""MANDIRI SEKURITAS"", ""percentage"": """"}, {""code"": ""CP"", ""name"": ""KB VALBURY SEKURITAS"", ""percentage"": """"}, {""code"": ""DP"", ""name"": ""DBS VICKERS SEKURITAS INDONESIA"", ""percentage"": """"}, {""code"": ""NI"", ""name"": ""BNI SEKURITAS"", ""percentage"": """"}, {""code"": ""PD"", ""name"": ""INDO PREMIER SEKURITAS"", ""percentage"": """"}, {""code"": ""SQ"", ""name"": ""BCA SEKURITAS"", ""percentage"": """"}]";;0.0;;;;;;440.0;472.0;440.0;450.0;0.0;0.00%;900784300.0;0%;5%;6%;1%;4%;31 Juli 2024;https://www.idx.co.id/id/perusahaan-tercatat/kinerja-saham-tercatat-baru/;-9%;39%;-4%;-34%;31 Juli 2024;https://www.idx.co.id/id/perusahaan-tercatat/kinerja-saham-tercatat-baru/
Closed;MKTR;;PT Menthobi Karyatama Raya Tbk;Consumer Non-Cyclicals;Plantations & Crops;Utama;120.0;Bergerak dalam bidang perkebunan dan pabrik kelapa sawit;;https://mktr.co.id/;2500000000;20.83;II;DANATAMA MAKMUR SEKURITAS;17/10/2022;24/10/2022;100;150;01/11/2022;04/11/2022;04/11/2022;07/11/2022;08/11/2022;35%;"[{""code"": ""II"", ""name"": ""DANATAMA MAKMUR SEKURITAS"", ""percentage"": """"}, {""code"": ""AN"", ""name"": ""WANTEG SEKURITAS"", ""percentage"": """"}, {""code"": ""CP"", ""name"": ""KB VALBURY SEKURITAS"", ""percentage"": """"}]";MKTR-W;1.0;150.0;19;39;10;20;150.0;150.0;112.0;130.0;10.0;8.33%;1222706900.0;8%;9%;4%;73%;3%;31 Juli 2024;https://www.idx.co.id/id/perusahaan-tercatat/kinerja-saham-tercatat-baru/;38%;77%;13%;-17%;31 Juli 2024;https://www.idx.co.id/id/perusahaan-tercatat/kinerja-saham-tercatat-baru/
Closed;KDTN;;PT Puri Sentul Permai Tbk;Consumer Cyclicals;Hotels, Resorts & Cruise Lines;Pengembangan;150.0;Bergerak dibidang jasa penyedia akomodasi berupa hotel, jasa penyediaan makan minum berupa restoran;Jl, Surya Raya, Kav, Commercial Area 1 Olympic CBD Sentul, Desa Sentul Kecamatan Babakan Madang, Kabupaten Bogor 16810;https://kedaton8.com/;250000000;20.0;MI;VICTORIA SEKURITAS INDONESIA;20/10/2022;26/10/2022;140;160;01/11/2022;07/11/2022;07/11/2022;08/11/2022;09/11/2022;35%;"[{""code"": ""MI"", ""name"": ""VICTORIA SEKURITAS INDONESIA"", ""percentage"": """"}]";KDTN-W;0.2;180.0;25;150;25;84;;202.0;165.0;189.0;39.0;26.00%;541843000.0;26%;7%;-8%;-10%;-30%;31 Juli 2024;https://www.idx.co.id/id/perusahaan-tercatat/kinerja-saham-tercatat-baru/;-2%;-29%;24%;33%;31 Juli 2024;https://www.idx.co.id/id/perusahaan-tercatat/kinerja-saham-tercatat-baru/
Closed;KETR;;PT Ketrosden Triasmitra Tbk;Infrastructures;Wired Telecommunication Service;Pengembangan;300.0;Pembangunan, penjualan dan pemeliharaan jaringan telekomunikasi kabel serat optik;Gedung Meta Epsi Lantai 2 Jl, Mayjend D,I, Panjaitan Kav, 2, Jakarta Timur;https://www.triasmitra.com/;426200000;15.0;AH;SHINHAN SEKURITAS INDONESIA;20/10/2022;26/10/2022;246;360;02/11/2022;08/11/2022;08/11/2022;09/11/2022;10/11/2022;25%;"[{""code"": ""AH"", ""name"": ""SHINHAN SEKURITAS INDONESIA"", ""percentage"": """"}]";;0.0;;;;;;360.0;374.0;318.0;320.0;20.0;6.67%;223185300.0;7%;-6%;-25%;-39%;-23%;31 Juli 2024;https://www.idx.co.id/id/perusahaan-tercatat/kinerja-saham-tercatat-baru/;36%;67%;11%;15%;31 Juli 2024;https://www.idx.co.id/id/perusahaan-tercatat/kinerja-saham-tercatat-baru/
Closed;ZATA;;PT Bersama Zatta Jaya Tbk;Consumer Cyclicals;Clothing, Accessories & Bags;Pemantauan Khusus;100.0;Company Overview;Komplek Industri Prapanca No,24, Cigondewah Kaler Kec, Bandung Kulon, Kota Bandung - Jawa Barat 40214;https://www.elcorps.com/;1700000000;20.01;AI;UOB KAY HIAN SEKURITAS;20/10/2022;26/10/2022;100;130;02/11/2022;08/11/2022;08/11/2022;09/11/2022;10/11/2022;35%;"[{""code"": ""AI"", ""name"": ""UOB KAY HIAN SEKURITAS"", ""percentage"": """"}]";;0.0;;;;;;135.0;135.0;135.0;135.0;35.0;35.00%;45581500.0;35%;182%;31%;-50%;-50%;31 Juli 2024;https://www.idx.co.id/id/perusahaan-tercatat/kinerja-saham-tercatat-baru/;-5%;-21%;5%;73%;31 Juli 2024;https://www.idx.co.id/id/perusahaan-tercatat/kinerja-saham-tercatat-baru/
Closed;ISAP;;PT Isra Presisi Indonesia Tbk;Consumer Cyclicals;Auto Parts & Equipment;Akselerasi;96.0;Industri Mesin dan Perkakas Mesin untuk Pengerjaan Logam;Kawasan Industri Delta Silicon III Lippo Cikarang Bekasi Jawa Barat, 17530;https://www.isra.co.id/en;1500000000;37.31;AI;UOB KAY HIAN SEKURITAS;07/11/2022;14/11/2022;95;100;01/12/2022;07/12/2022;07/12/2022;08/12/2022;09/12/2022;35%;"[{""code"": ""AI"", ""name"": ""UOB KAY HIAN SEKURITAS"", ""percentage"": """"}]";ISAP-W;0.5;125.0;30;44;15;19;103.0;103.0;87.0;87.0;-9.0;-9.38%;505815400.0;-9%;-26%;17%;-69%;-89%;31 Juli 2024;https://www.idx.co.id/id/perusahaan-tercatat/kinerja-saham-tercatat-baru/;-9%;-70%;267%;35%;31 Juli 2024;https://www.idx.co.id/id/perusahaan-tercatat/kinerja-saham-tercatat-baru/
Closed;NINE;;PT Techno9 Indonesia Tbk;Technology;IT Services & Consulting;Akselerasi;75.0;Bergerak di bidang perdagangan komputer dan perlengkapannya;Komplek Taman Semanan Indah Ruko Plaza Delumina Blok C No, 1 Duri Kosambi – Cengkareng Jakarta Barat 11750;https://www.techno9indonesia.com/;432000000;20.03;SA;ELIT SUKSES SEKURITAS;14/11/2022;17/11/2022;70;90;28/11/2022;01/12/2022;01/12/2022;02/12/2022;05/12/2022;35%;"[{""code"": ""SA"", ""name"": ""ELIT SUKSES SEKURITAS"", ""percentage"": """"}, {""code"": ""MI"", ""name"": ""VICTORIA SEKURITAS INDONESIA"", ""percentage"": """"}]";;0.0;;;;;;82.0;82.0;68.0;69.0;-6.0;-8.00%;326737800.0;-8%;-37%;-39%;-59%;-87%;31 Juli 2024;https://www.idx.co.id/id/perusahaan-tercatat/kinerja-saham-tercatat-baru/;-12%;-40%;-26%;-324%;31 Juli 2024;https://www.idx.co.id/id/perusahaan-tercatat/kinerja-saham-tercatat-baru/
Closed;MMIX;;PT Multi Medika Internasional Tbk;Consumer Non-Cyclicals;Household Products;Pengembangan;190.0;Perdagangan Besar Alat Laboratorium, Alat Farmasi dan Alat Kedokteran Untuk Manusia, dan Sewa Guna U;PT, Multi Medika Internasional Tbk Jl, Peternakan III No,55B, Kelurahan Kapuk, Kecamatan Cengkareng, Jakarta Barat – DKI Jakarta, Kode Pos 11720;https://www.multimed.co.id/;600000000;25.0;YP;MIRAE ASSET SEKURITAS INDONESIA;15/11/2022;22/11/2022;160;210;30/11/2022;02/12/2022;02/12/2022;05/12/2022;06/12/2022;35%;"[{""code"": ""YP"", ""name"": ""MIRAE ASSET SEKURITAS INDONESIA"", ""percentage"": """"}]";MMIX-W;0.5;300.0;40;112;30;36;254.0;256.0;230.0;256.0;66.0;34.74%;141452200.0;35%;27%;71%;29%;-11%;31 Juli 2024;https://www.idx.co.id/id/perusahaan-tercatat/kinerja-saham-tercatat-baru/;65%;154%;0%;-30%;31 Juli 2024;https://www.idx.co.id/id/perusahaan-tercatat/kinerja-saham-tercatat-baru/
Closed;PADA;;PT Personel Alih Daya Tbk;Industrials;Human Resource & Employment Services;Pemantauan Khusus;100.0;Jasa Teknikal dan Pemeliharaan Peralatan Telekomunikasi, Call Center, Perkantoran, Keamanan dan SDM;Jl, Kebagusan 1 No, 4, Kebagusan, Pasar Minggu, Jakarta Selatan, Kode Pos 12520, Indonesia;https://www.persada.id;900000000;28.57;AI;UOB KAY HIAN SEKURITAS;16/11/2022;22/11/2022;100;120;02/12/2022;06/12/2022;06/12/2022;07/12/2022;08/12/2022;35%;"[{""code"": ""AI"", ""name"": ""UOB KAY HIAN SEKURITAS"", ""percentage"": """"}, {""code"": ""AO"", ""name"": ""ERDIKHA ELIT SEKURITAS"", ""percentage"": """"}]";;0.0;;;;;;135.0;135.0;99.0;110.0;10.0;10.00%;1010583500.0;10%;10%;144%;-19%;-50%;31 Juli 2024;https://www.idx.co.id/id/perusahaan-tercatat/kinerja-saham-tercatat-baru/;-13%;-19%;16%;-224%;31 Juli 2024;https://www.idx.co.id/id/perusahaan-tercatat/kinerja-saham-tercatat-baru/
Closed;VTNY;;PT Venteny Fortuna International Tbk;Financials;Consumer Financing;Utama;360.0;Aktivitas Perusahaan Holding dan Aktivitas Pengembangan Aplikasi Perdagangan Melalui Internet;World Trade Centre (WTC) 5 Lantai 13, Jl, Jend, Sudirman Kav, 29-31, Jakarta Selatan, 12920;https://www.venteny.com;939779100;15.0;SF;SURYA FAJAR SEKURITAS;21/11/2022;29/11/2022;350;450;09/12/2022;13/12/2022;13/12/2022;14/12/2022;15/12/2022;25%;"[{""code"": ""SF"", ""name"": ""SURYA FAJAR SEKURITAS"", ""percentage"": """"}, {""code"": ""OD"", ""name"": ""BRI DANAREKSA SEKURITAS"", ""percentage"": """"}, {""code"": ""YP"", ""name"": ""MIRAE ASSET SEKURITAS INDONESIA"", ""percentage"": """"}]";;0.0;;;;;;450.0;450.0;342.0;396.0;36.0;10.00%;184666800.0;10%;12%;18%;1%;-27%;31 Juli 2024;https://www.idx.co.id/id/perusahaan-tercatat/kinerja-saham-tercatat-baru/;30%;63%;149%;-89%;31 Juli 2024;https://www.idx.co.id/id/perusahaan-tercatat/kinerja-saham-tercatat-baru/
Closed;CBRE;;PT Cakra Buana Resources Energi Tbk;Energy;Coal Distribution;Pemantauan Khusus;108.0;Angkutan Laut Dalam Negeri Untuk Barang Umum;Sona Topas Tower Lt, 5A, Jl, Jenderal Sudirman Kav, 26, Jakarta Selatan 12920, Indonesia;https://www.cbre.co.id;738000000;16.26;DR;RHB SEKURITAS INDONESIA;13/12/2022;16/12/2022;100;110;02/01/2023;05/01/2023;05/01/2023;06/01/2023;09/01/2023;35%;"[{""code"": ""DR"", ""name"": ""RHB SEKURITAS INDONESIA"", ""percentage"": """"}, {""code"": ""HD"", ""name"": ""KGI SEKURITAS INDONESIA"", ""percentage"": """"}]";CBRE-W;1.8;258.0;30;50;10;13;144.0;145.0;144.0;145.0;37.0;34.26%;65266100.0;34%;47%;-17%;-54%;-54%;31 Juli 2024;https://www.idx.co.id/id/perusahaan-tercatat/kinerja-saham-tercatat-baru/;;;;;31 Juli 2024;https://www.idx.co.id/id/perusahaan-tercatat/kinerja-saham-tercatat-baru/
Closed;BEER;;PT Jobubu Jarum Minahasa Tbk;Consumer Non-Cyclicals;Liquors;Pengembangan;220.0;Industri Minuman Beralkohol Hasil Destilasi, Industri Minuman Beralkohol Hasil Fermentasi Anggur;Desa Kapitu, Kelurahan Kapitu, Kecamatan Amurang Barat, Kabupaten Minahasa Selatan, Provinsi Sulawesi Utara;http://www.jobubu.com/;800000000;20.0;AI;UOB KAY HIAN SEKURITAS;16/12/2022;22/12/2022;200;220;02/01/2023;04/01/2023;04/01/2023;05/01/2023;06/01/2023;25%;"[{""code"": ""AI"", ""name"": ""UOB KAY HIAN SEKURITAS"", ""percentage"": """"}]";;0.0;;;;;;;274.0;228.0;258.0;38.0;17.27%;484691000.0;17%;25%;66%;54%;30%;31 Juli 2024;https://www.idx.co.id/id/perusahaan-tercatat/kinerja-saham-tercatat-baru/;;;;;31 Juli 2024;https://www.idx.co.id/id/perusahaan-tercatat/kinerja-saham-tercatat-baru/
Closed;ELIT;;PT Data Sinergitama Jaya Tbk;Technology;IT Services & Consulting;Pengembangan;120.0;Bidang Usaha Penyedia Layanan (managed service) di Bidang Teknologi Informasi (Cloud);The Manhattan Squre Tower B Lt, 22, Jl, TB Simatupang, RT,3/RW,3, Cilandak Timur, Pasar Minggu, Jakarta Selatan,12560 Telepon: 0217511004;https://www.elitery.com;500000000;24.61;XA;NH KORINDO SEKURITAS INDONESIA;16/12/2022;22/12/2022;120;150;02/01/2023;04/01/2023;04/01/2023;05/01/2023;06/01/2023;35%;"[{""code"": ""XA"", ""name"": ""NH KORINDO SEKURITAS INDONESIA"", ""percentage"": """"}]";ELIT-W;0.5;150.0;-;-;-;-;;162.0;112.0;112.0;-8.0;-6.67%;763718700.0;-7%;41%;13%;10%;-24%;31 Juli 2024;https://www.idx.co.id/id/perusahaan-tercatat/kinerja-saham-tercatat-baru/;;;;;31 Juli 2024;https://www.idx.co.id/id/perusahaan-tercatat/kinerja-saham-tercatat-baru/
Closed;BMBL;;PT Lavender Bina Cendikia Tbk;Consumer Cyclicals;Education Services;Akselerasi;188.0;Pendidikan Bimbingan Belajar dan Konseling Swasta;Office Tower Taman Melati Lt,5 Jalan Margonda Raya no,525 Depok, Jawa Barat;http://www.lavenderprograms.com/;280000000;27.19;HD;KGI SEKURITAS INDONESIA;19/12/2022;26/12/2022;187;196;03/01/2023;09/01/2023;09/01/2023;10/01/2023;11/01/2023;35%;"[{""code"": ""HD"", ""name"": ""KGI SEKURITAS INDONESIA"", ""percentage"": """"}, {""code"": ""YP"", ""name"": ""MIRAE ASSET SEKURITAS INDONESIA"", ""percentage"": """"}]";BMBL-W;0.8;250.0;-;-;-;-;188.0;188.0;170.0;170.0;-18.0;-9.57%;21384000.0;-10%;-40%;-65%;-70%;-88%;31 Juli 2024;https://www.idx.co.id/id/perusahaan-tercatat/kinerja-saham-tercatat-baru/;;;;;31 Juli 2024;https://www.idx.co.id/id/perusahaan-tercatat/kinerja-saham-tercatat-baru/
Closed;CBPE;;PT Citra Buana Prasida Tbk;Properties & Real Estate;Real Estate Development & Management;Pengembangan;150.0;Bergerak di bidang real estat dan property;Komplek Paskal Hyper Square Blok G Lantai 2 No, 206 – 208, Jl, H,O,S, Cokroaminoto No, 25 – 27 (dh, Jl, Pasirkaliki No, 25 – 27), Bandung 40181, Tel,: (022) 8606 1108;https://www.citrabuanaprasida.co.id;271250000;20.0;GR;PANIN SEKURITAS TBK,;19/12/2022;23/12/2022;100;150;02/01/2023;04/01/2023;04/01/2023;05/01/2023;06/01/2023;35%;"[{""code"": ""GR"", ""name"": ""PANIN SEKURITAS TBK"", ""percentage"": """"}]";;0.0;;;;;;;200.0;144.0;149.0;-1.0;-0.67%;172617000.0;-1%;19%;-1%;-11%;-14%;31 Juli 2024;https://www.idx.co.id/id/perusahaan-tercatat/kinerja-saham-tercatat-baru/;;;;;31 Juli 2024;https://www.idx.co.id/id/perusahaan-tercatat/kinerja-saham-tercatat-baru/
Closed;SOUL;;PT Mitra Tirta Buwana Tbk;Consumer Non-Cyclicals;Food Retail & Distributors;Akselerasi;110.0;Bergerak dalam bidang usaha Air Minum Dalam Kemasan;Jl, Waru No, 74 Sambilegi Baru RT,001 RW,003 Maguwoharjo, Depok, Sleman Yogyakarta - Indonesia, 55282;http://hexsoul.co.id/;270000000;24.94;AN;WANTEG SEKURITAS;19/12/2022;26/12/2022;100;110;02/01/2023;04/01/2023;04/01/2023;05/01/2023;06/01/2023;35%;"[{""code"": ""AN"", ""name"": ""WANTEG SEKURITAS"", ""percentage"": """"}, {""code"": ""AH"", ""name"": ""SHINHAN SEKURITAS INDONESIA"", ""percentage"": """"}]";SOUL-W;0.25;100.0;-;-;-;-;112.0;112.0;99.0;99.0;-11.0;-10.00%;6556300.0;-10%;-36%;-59%;-78%;-80%;31 Juli 2024;https://www.idx.co.id/id/perusahaan-tercatat/kinerja-saham-tercatat-baru/;;;;;31 Juli 2024;https://www.idx.co.id/id/perusahaan-tercatat/kinerja-saham-tercatat-baru/
Closed;SUNI;;PT Sunindo Pratama Tbk;Energy;Oil, Gas & Coal Equipment & Services;Utama;300.0;Bergerak dalam bidang perdagangan besar mesin, peralatan dan perlengkapan lainnya, perdagangan besar;Jl, Prof Dr, Soepomo SH, No, 48, Tebet Jakarta Selatan 12870, Indonesia;https://www.sunindogroup.com;600000000;24.0;AI;UOB KAY HIAN SEKURITAS;19/12/2022;23/12/2022;280;300;02/01/2023;05/01/2023;05/01/2023;06/01/2023;09/01/2023;25%;"[{""code"": ""AI"", ""name"": ""UOB KAY HIAN SEKURITAS"", ""percentage"": """"}]";;0.0;;;;;;;344.0;296.0;300.0;0.0;0.00%;92450800.0;0%;1%;-1%;-7%;23%;31 Juli 2024;https://www.idx.co.id/id/perusahaan-tercatat/kinerja-saham-tercatat-baru/;;;;;31 Juli 2024;https://www.idx.co.id/id/perusahaan-tercatat/kinerja-saham-tercatat-baru/
Closed;WINE;;PT Hatten Bali Tbk;Consumer Cyclicals;Consumer Distributors;Pengembangan;129.0;Distribusi Minuman Beralkohol dan Pengolahannya melalui Perusahaan Anak;Hatten Wines Building Jl, Bypass Ngurah Rai No, 393, Sanur, Bali;https://www.hattenbali.co.id;678000000;25.02;XA;NH KORINDO SEKURITAS INDONESIA;19/12/2022;22/12/2022;100;150;03/01/2023;06/01/2023;06/01/2023;09/01/2023;10/01/2023;35%;"[{""code"": ""XA"", ""name"": ""NH KORINDO SEKURITAS INDONESIA"", ""percentage"": """"}]";;0.0;;;;;;170.0;174.0;147.0;174.0;45.0;34.88%;173385100.0;35%;134%;185%;357%;213%;31 Juli 2024;https://www.idx.co.id/id/perusahaan-tercatat/kinerja-saham-tercatat-baru/;;;;;31 Juli 2024;https://www.idx.co.id/id/perusahaan-tercatat/kinerja-saham-tercatat-baru/
Closed;LAJU;;PT Jasa Berdikari Logistics Tbk;Transportation & Logistic;Logistics & Deliveries;Pengembangan;100.0;Jasa Logistik Terintegrasi;Jl, Kopi No, 4 D Lt, 2, Roa Malaka, Tambora Jakarta Barat – 11230 Telepon: 021 – 6912287;https://www.jasaberdikari.co.id;700000000;32.56;XA;NH KORINDO SEKURITAS INDONESIA;30/12/2022;06/01/2023;100;150;20/01/2023;25/01/2023;25/01/2023;26/01/2023;27/01/2023;35%;"[{""code"": ""XA"", ""name"": ""NH KORINDO SEKURITAS INDONESIA"", ""percentage"": """"}]";LAJU-W;0.2;175.0;-;-;-;-;135.0;135.0;135.0;135.0;35.0;35.00%;34804000.0;35%;41%;144%;-36%;-45%;31 Juli 2024;https://www.idx.co.id/id/perusahaan-tercatat/kinerja-saham-tercatat-baru/;;;;;31 Juli 2024;https://www.idx.co.id/id/perusahaan-tercatat/kinerja-saham-tercatat-baru/
Closed;PEVE;;PT Penta Valent Tbk;Healthcare;Pharmaceuticals;Pengembangan;149.0;Distributor Produk Farmasi dan Produk Konsumsi;Jl, Kedoya Raya No, 33, Kedoya Utara, Kebon Jeruk 11520;http://www.pentavalent.co.id/;353125000;20.0;YJ;LOTUS ANDALAN SEKURITAS;30/12/2022;05/01/2023;120;149;17/01/2023;19/01/2023;19/01/2023;20/01/2023;24/01/2023;35%;"[{""code"": ""YJ"", ""name"": ""LOTUS ANDALAN SEKURITAS"", ""percentage"": """"}]";;0.0;;;;;;200.0;200.0;190.0;200.0;51.0;34.23%;66020200.0;34%;48%;32%;16%;17%;31 Juli 2024;https://www.idx.co.id/id/perusahaan-tercatat/kinerja-saham-tercatat-baru/;;;;;31 Juli 2024;https://www.idx.co.id/id/perusahaan-tercatat/kinerja-saham-tercatat-baru/
Closed;NAYZ;;PT Hassana Boga Sejahtera Tbk;Consumer Non-Cyclicals;Processed Foods;Akselerasi;100.0;Menjalankan usaha dalam bidang industri makanan bayi;Kawasan Pergudangan Multiguna Taman Tekno 2 Blok L2 No, 35 BSD, Tangerang Selatan, Banten;https://www.hassana.co.id/;510000000;20.0;SF;SURYA FAJAR SEKURITAS;02/01/2023;11/01/2023;100;120;31/01/2023;02/02/2023;02/02/2023;03/02/2023;06/02/2023;35%;"[{""code"": ""SF"", ""name"": ""SURYA FAJAR SEKURITAS"", ""percentage"": """"}]";NAYZ-W;1.0;125.0;-;-;-;-;90.0;99.0;90.0;90.0;-10.0;-10.00%;150065700.0;-10%;-28%;-3%;-74%;-83%;31 Juli 2024;https://www.idx.co.id/id/perusahaan-tercatat/kinerja-saham-tercatat-baru/;;;;;31 Juli 2024;https://www.idx.co.id/id/perusahaan-tercatat/kinerja-saham-tercatat-baru/
Canceled;BSMT-C1;;PT Bank Pembangunan Daerah Sumatera Utara Tbk,;Financials;Banks;;;Jasa Perbankan;Gedung Bank SUMUT JL, Imam Bonjol No 18 Medan 20212 Sumatera Utara, Indonesia;https://www.banksumut.co.id;2934798300;23.0;OD;BRI DANAREKSA SEKURITAS;05/01/2023;18/01/2023;350;510;;;;;;35%;"[{""code"": ""OD"", ""name"": ""BRI DANAREKSA SEKURITAS"", ""percentage"": """"}, {""code"": ""AI"", ""name"": ""UOB KAY HIAN SEKURITAS"", ""percentage"": """"}, {""code"": ""DR"", ""name"": ""RHB SEKURITAS INDONESIA"", ""percentage"": """"}]";;0.0;;;;;;;;;;;;;;;;;;31 Juli 2024;https://www.idx.co.id/id/perusahaan-tercatat/kinerja-saham-tercatat-baru/;;;;;31 Juli 2024;https://www.idx.co.id/id/perusahaan-tercatat/kinerja-saham-tercatat-baru/
Closed;FWCT;;PT Wijaya Cahaya Timber Tbk;Basic Materials;Timber;Pengembangan;118.0;Industri Kayu Lapis;Jl, Puri Indah, Ruko Sentra Niaga Puri Indah Blok T1 No,47, Kembangan Selatan, Kembangan, Jakarta Barat, Jakarta 11610;http://wijayacahayatimber.com/;375000000;20.0;YJ;LOTUS ANDALAN SEKURITAS;09/01/2023;16/01/2023;108;118;26/01/2023;30/01/2023;30/01/2023;31/01/2023;01/02/2023;35%;"[{""code"": ""YJ"", ""name"": ""LOTUS ANDALAN SEKURITAS"", ""percentage"": """"}]";;0.0;;;;;;150.0;159.0;150.0;159.0;41.0;34.75%;12502500.0;35%;2%;-7%;-56%;-40%;31 Juli 2024;https://www.idx.co.id/id/perusahaan-tercatat/kinerja-saham-tercatat-baru/;;;;;31 Juli 2024;https://www.idx.co.id/id/perusahaan-tercatat/kinerja-saham-tercatat-baru/
Closed;IRSX;;PT Aviana Sinar Abadi Tbk;Technology;Software;Pemantauan Khusus;101.0;Bergerak di Bidang Aktivitas Pemrograman Komputer Lainnya;Jl, Alaydrus No, 66 BC Lantai 3 - RT,10/RW,2, Petojo Utara, Gambir, Kota Jakarta Pusat Daerah Khusus Ibukota Jakarta 10130;https://aviana.co.id/;1000000000;20.0;AH;SHINHAN SEKURITAS INDONESIA;11/01/2023;17/01/2023;100;101;01/02/2023;03/02/2023;03/02/2023;06/02/2023;07/02/2023;35%;"[{""code"": ""AH"", ""name"": ""SHINHAN SEKURITAS INDONESIA"", ""percentage"": """"}]";IRSX-W;1.4;91.0;14;38;7;13;131.0;136.0;94.0;103.0;2.0;1.98%;687309700.0;2%;-7%;-9%;4%;-50%;31 Juli 2024;https://www.idx.co.id/id/perusahaan-tercatat/kinerja-saham-tercatat-baru/;;;;;31 Juli 2024;https://www.idx.co.id/id/perusahaan-tercatat/kinerja-saham-tercatat-baru/
Closed;HILL;;PT Hillcon Tbk;Basic Materials;Diversified Metals & Minerals;Utama;1250.0;Aktivitas Perusahaan Holding, Aktivitas Konsultasi Manajemen, Jasa Pertambangan dan Jasa Konstruksi;Blok R2, Jl, Taman Modern No, 19 RT,014/RW,006, Ujung Menteng, Kecamatan Cakung, Kota Jakarta Timur, Daerah Khusus Ibukota Jakarta 13960;https://www.hillcon.co.id/;442300000;15.0;YP;MIRAE ASSET SEKURITAS INDONESIA;12/01/2023;03/02/2023;1250;2000;23/02/2023;27/02/2023;27/02/2023;28/02/2023;01/03/2023;25%;"[{""code"": ""YP"", ""name"": ""MIRAE ASSET SEKURITAS INDONESIA"", ""percentage"": """"}, {""code"": ""AZ"", ""name"": ""SUCOR SEKURITAS"", ""percentage"": """"}]";;0.0;;;;;;;1380.0;1270.0;1330.0;80.0;6.40%;67971300.0;6%;26%;62%;132%;93%;31 Juli 2024;https://www.idx.co.id/id/perusahaan-tercatat/kinerja-saham-tercatat-baru/;;;;;31 Juli 2024;https://www.idx.co.id/id/perusahaan-tercatat/kinerja-saham-tercatat-baru/
Closed;PACK;;PT Solusi Kemasan Digital Tbk;Industrials;Commercial Printing;Akselerasi;162.0;Industri Percetakan Digital Untuk Kemasan Fleksibel;JL, Jababeka 2 Blok C/11-D Kawasan Industri Jababeka Cikarang Utara Kabupaten Bekasi, Jawa Barat 17530;https://www.flexypack.com;308000000;20.03;XA;NH KORINDO SEKURITAS INDONESIA;12/01/2023;17/01/2023;110;162;02/02/2023;06/02/2023;06/02/2023;07/02/2023;08/02/2023;35%;"[{""code"": ""XA"", ""name"": ""NH KORINDO SEKURITAS INDONESIA"", ""percentage"": """"}]";PACK-W;0.2;350.0;15;31;13;14;160.0;160.0;146.0;146.0;-16.0;-9.88%;8127200.0;-10%;-37%;-33%;4%;-75%;31 Juli 2024;https://www.idx.co.id/id/perusahaan-tercatat/kinerja-saham-tercatat-baru/;;;;;31 Juli 2024;https://www.idx.co.id/id/perusahaan-tercatat/kinerja-saham-tercatat-baru/
Closed;VAST;;PT Vastland Indonesia Tbk;Properties & Real Estate;Real Estate Development & Management;Pengembangan;108.0;Real Estate yang Dimiliki Sendiri atau Disewa;Jl, Tembesu No, 8A, Kel, Campang Raya, Sukabumi, Bandar Lampung, Lampung 35122;https://www.vastland.co.id;650000000;21.27;AO;ERDIKHA ELIT SEKURITAS;16/01/2023;20/01/2023;100;109;01/02/2023;06/02/2023;06/02/2023;07/02/2023;08/02/2023;35%;"[{""code"": ""AO"", ""name"": ""ERDIKHA ELIT SEKURITAS"", ""percentage"": """"}]";VAST-W;0.2;338.0;35;40;15;17;115.0;141.0;101.0;101.0;-7.0;-6.48%;689999800.0;-6%;0%;-8%;-36%;-41%;31 Juli 2024;https://www.idx.co.id/id/perusahaan-tercatat/kinerja-saham-tercatat-baru/;;;;;31 Juli 2024;https://www.idx.co.id/id/perusahaan-tercatat/kinerja-saham-tercatat-baru/
Closed;CHIP;;PT Pelita Teknologi Global Tbk;Technology;Electronic Equipment & Instruments;Akselerasi;160.0;Bergerak dalam Bidang Aktivitas Konsultasi dan Perancangan Internet of Things & Industri Smart Card;Jl, Gatot Subroto KM 5, No 66, Kroncong, Jatiuwung, Tangerang, Banten 15134;https://www.pelitateknologi.com;200000000;24.81;YJ;LOTUS ANDALAN SEKURITAS;17/01/2023;24/01/2023;140;180;02/02/2023;06/02/2023;06/02/2023;07/02/2023;08/02/2023;35%;"[{""code"": ""YJ"", ""name"": ""LOTUS ANDALAN SEKURITAS"", ""percentage"": """"}]";;0.0;;;;;;176.0;176.0;168.0;176.0;16.0;10.00%;51555600.0;10%;44%;322%;888%;1306%;31 Juli 2024;https://www.idx.co.id/id/perusahaan-tercatat/kinerja-saham-tercatat-baru/;;;;;31 Juli 2024;https://www.idx.co.id/id/perusahaan-tercatat/kinerja-saham-tercatat-baru/
Closed;HALO;;PT Haloni Jane Tbk;Healthcare;Healthcare Equipment;Pengembangan;100.0;Bergerak dalam bidang barang dari karet untuk kesehatan;Jl Raya Serang km, 13,8 Kawasan Industri Tristate, Sukadamai Cikupa Tangerang Indonesia;http://halonijane.co.id/;1130000000;20.0;II;DANATAMA MAKMUR SEKURITAS;17/01/2023;24/01/2023;100;150;01/02/2023;06/02/2023;06/02/2023;07/02/2023;08/02/2023;35%;"[{""code"": ""II"", ""name"": ""DANATAMA MAKMUR SEKURITAS"", ""percentage"": """"}, {""code"": ""CP"", ""name"": ""KB VALBURY SEKURITAS"", ""percentage"": """"}]";HALO-W;0.5;150.0;30;35;15;18;110.0;135.0;93.0;117.0;17.0;17.00%;924347200.0;17%;19%;17%;-20%;-50%;31 Juli 2024;https://www.idx.co.id/id/perusahaan-tercatat/kinerja-saham-tercatat-baru/;;;;;31 Juli 2024;https://www.idx.co.id/id/perusahaan-tercatat/kinerja-saham-tercatat-baru/
Closed;KING;;PT Hoffmen Cleanindo Tbk;Industrials;Human Resource & Employment Services;Akselerasi;130.0;Jasa Cleaning Service, Security, Washroom Hygiene, Labour Supply dan Parkir melalui Perusahaan Anak;Jl, Raya Jembatan Tiga No, 8 Penjaringan Jakarta Utara 14440;https://www.hoffmen.co.id;520000000;20.0;XA;NH KORINDO SEKURITAS INDONESIA;25/01/2023;30/01/2023;115;130;10/02/2023;14/02/2023;14/02/2023;15/02/2023;16/02/2023;35%;"[{""code"": ""XA"", ""name"": ""NH KORINDO SEKURITAS INDONESIA"", ""percentage"": """"}]";KING-W;0.5;200.0;18;30;11;13;120.0;130.0;117.0;117.0;-13.0;-10.00%;4981700.0;-10%;-12%;32%;4%;35%;31 Juli 2024;https://www.idx.co.id/id/perusahaan-tercatat/kinerja-saham-tercatat-baru/;;;;;31 Juli 2024;https://www.idx.co.id/id/perusahaan-tercatat/kinerja-saham-tercatat-baru/
Closed;FUTR;;PT Lini Imaji Kreasi Ekosistem Tbk;Consumer Cyclicals;Advertising;Pemantauan Khusus;100.0;Bergerak dalam bidang periklanan, aktivitas desain khusus film, video, program TV, animasi dan komik;Fatmawati Mas Blok III No, 307-309 Jl, RS Fatmawati No 20 Jakarta Selatan, Indonesia;https://futurphuture.io/;1278000000;20.0;IU;INDO CAPITAL SEKURITAS;01/02/2023;07/02/2023;100;120;21/02/2023;23/02/2023;23/02/2023;24/02/2023;27/02/2023;35%;"[{""code"": ""IU"", ""name"": ""INDO CAPITAL SEKURITAS"", ""percentage"": """"}, {""code"": ""HD"", ""name"": ""KGI SEKURITAS INDONESIA"", ""percentage"": """"}]";FUTR-W;0.8;135.0;13;15;8;9;93.0;108.0;93.0;100.0;0.0;0.00%;667191300.0;0%;42%;21%;-50%;-50%;31 Juli 2024;https://www.idx.co.id/id/perusahaan-tercatat/kinerja-saham-tercatat-baru/;;;;;31 Juli 2024;https://www.idx.co.id/id/perusahaan-tercatat/kinerja-saham-tercatat-baru/
Closed;PGEO;;PT Pertamina Geothermal Energy Tbk;Infrastructures;Electric Utilities;Utama;875.0;Menyelenggarakan usaha di bidang panas bumi dari sisi hulu dan/atau sisi hilir serta kegiatan usaha;Grha Pertamina – Tower Pertamax Lt, 7 Jl, Medan Merdeka Timur No, 11-13 Gambir, Jakarta Pusat 10110, Indonesia;https://www.pge.pertamina.com;10350000000;25.0;CC;MANDIRI SEKURITAS;01/02/2023;09/02/2023;820;945;20/02/2023;22/02/2023;22/02/2023;23/02/2023;24/02/2023;25%;"[{""code"": ""CC"", ""name"": ""MANDIRI SEKURITAS"", ""percentage"": """"}, {""code"": ""IF"", ""name"": ""SAMUEL SEKURITAS INDONESIA"", ""percentage"": """"}]";;0.0;;;;;;925.0;925.0;815.0;875.0;0.0;0.00%;584706700.0;0%;-1%;-9%;19%;40%;31 Juli 2024;https://www.idx.co.id/id/perusahaan-tercatat/kinerja-saham-tercatat-baru/;;;;;31 Juli 2024;https://www.idx.co.id/id/perusahaan-tercatat/kinerja-saham-tercatat-baru/
Closed;BDKR;;PT Berdikari Pondasi Perkasa Tbk;Infrastructures;Heavy Constructions & Civil Engineering;Utama;200.0;Bergerak dalam bidang pondasi, perbaikan tanah, konstruksi dermaga, alat berat dan penyewaan crane;;https://www.ptbppid.com;706100000;15.0;MG;SEMESTA INDOVEST SEKURITAS;06/02/2023;10/02/2023;188;200;27/02/2023;01/03/2023;01/03/2023;02/03/2023;03/03/2023;35%;"[{""code"": ""MG"", ""name"": ""SEMESTA INDOVEST SEKURITAS"", ""percentage"": """"}]";BDKR-W;0.5;500.0;-;-;-;-;;266.0;204.0;230.0;30.0;15.00%;383268200.0;15%;29%;28%;153%;160%;31 Juli 2024;https://www.idx.co.id/id/perusahaan-tercatat/kinerja-saham-tercatat-baru/;;;;;31 Juli 2024;https://www.idx.co.id/id/perusahaan-tercatat/kinerja-saham-tercatat-baru/
Closed;PTMP;;PT Mitra Pack Tbk;Industrials;Diversified Industrial Trading;Pengembangan;120.0;distributor resmi & penyewaan barang-barang industri pengemasan termasuk suku cadang dan service,,,;Jl Pangeran Jayakarta Komplek 135 Blok B-20 Mangga Dua Selatan, Sawah Besar, Jakarta Pusat;https://www.mitrapack.co.id;800000000;25.24;XA;NH KORINDO SEKURITAS INDONESIA;07/02/2023;09/02/2023;100;120;27/02/2023;02/03/2023;02/03/2023;03/03/2023;06/03/2023;35%;"[{""code"": ""XA"", ""name"": ""NH KORINDO SEKURITAS INDONESIA"", ""percentage"": """"}]";;0.0;;;;;;135.0;145.0;125.0;143.0;23.0;19.17%;579126600.0;19%;13%;77%;14%;145%;31 Juli 2024;https://www.idx.co.id/id/perusahaan-tercatat/kinerja-saham-tercatat-baru/;;;;;31 Juli 2024;https://www.idx.co.id/id/perusahaan-tercatat/kinerja-saham-tercatat-baru/
Closed;TRON;;PT Teknologi Karya Digital Nusa Tbk;Technology;IT Services & Consulting;Pengembangan;180.0;Bergerak dalam bidang penyediaan solusi sistem informasi berbasis telematika dan Internet of Things;Mini Office Central 88 Blok G1 No, 826, Jl, Trembesi Pademangan Timur, Kec, Pademangan Kota Adm, Jakarta Utara;https://www.tkdn.co.id;750000000;25.42;SF;SURYA FAJAR SEKURITAS;10/02/2023;20/02/2023;140;220;02/03/2023;06/03/2023;06/03/2023;07/03/2023;08/03/2023;35%;"[{""code"": ""SF"", ""name"": ""SURYA FAJAR SEKURITAS"", ""percentage"": """"}]";TRON-W;0.5;250.0;15;32;15;21;200.0;238.0;190.0;236.0;56.0;31.11%;579752300.0;31%;50%;53%;64%;42%;31 Juli 2024;https://www.idx.co.id/id/perusahaan-tercatat/kinerja-saham-tercatat-baru/;;;;;31 Juli 2024;https://www.idx.co.id/id/perusahaan-tercatat/kinerja-saham-tercatat-baru/
Closed;SAGE;;PT Saptausaha Gemilangindah Tbk;Properties & Real Estate;Real Estate Development & Management;Pemantauan Khusus;100.0;Bergerak dalam bidang real estat;Jl, Kramat Raya No, 32-34 Kel, Kramat Kec, Senen, Jakarta Pusat, DKI Jakarta 10450;https://www.saptagroup.com/;1610000000;20.04;II;DANATAMA MAKMUR SEKURITAS;16/02/2023;22/02/2023;100;125;02/03/2023;06/03/2023;06/03/2023;07/03/2023;08/03/2023;35%;"[{""code"": ""II"", ""name"": ""DANATAMA MAKMUR SEKURITAS"", ""percentage"": """"}, {""code"": ""SH"", ""name"": ""ARTHA SEKURITAS INDONESIA"", ""percentage"": """"}]";SAGE-W;1.25;110.0;12;81;12;40;127.0;135.0;120.0;135.0;35.0;35.00%;887288300.0;35%;40%;272%;-50%;-50%;31 Juli 2024;https://www.idx.co.id/id/perusahaan-tercatat/kinerja-saham-tercatat-baru/;;;;;31 Juli 2024;https://www.idx.co.id/id/perusahaan-tercatat/kinerja-saham-tercatat-baru/
Closed;CUAN;;PT Petrindo Jaya Kreasi Tbk;Energy;Coal Production;Utama;220.0;Pertambangan Batubara;Gedung Wisma Barito Pacific, lantai 3 B Jl, Let, Jend, S, Parman Kav, 62-63, Jakarta,;https://petrindo.co.id;1690000000;15.03;HP;HENAN PUTIHRAI SEKURITAS;17/02/2023;22/02/2023;200;220;02/03/2023;06/03/2023;06/03/2023;07/03/2023;08/03/2023;25%;"[{""code"": ""HP"", ""name"": ""HENAN PUTIHRAI SEKURITAS"", ""percentage"": """"}, {""code"": ""OD"", ""name"": ""BRI DANAREKSA SEKURITAS"", ""percentage"": """"}]";;0.0;;;;;;274.0;274.0;240.0;274.0;54.0;24.55%;106356200.0;25%;200%;309%;991%;3014%;31 Juli 2024;https://www.idx.co.id/id/perusahaan-tercatat/kinerja-saham-tercatat-baru/;;;;;31 Juli 2024;https://www.idx.co.id/id/perusahaan-tercatat/kinerja-saham-tercatat-baru/
Closed;NSSS;;PT Nusantara Sawit Sejahtera Tbk;Consumer Non-Cyclicals;Plantations & Crops;Pengembangan;127.0;Aktivitas Perusahaan Holding dan Aktivitas Konsultasi Manajemen Lainnya;Menara Imperium LT20, Suite C, Jalan H,R, Rasuna Said Kav,1, Kelurahan Guntur, Kecamatan Setiabudi, Kota Administrasi Jakarta Selatan 12980, Provinsi DKI Jakarta;https://nssgroup.id/;3568235300;15.0;IF;SAMUEL SEKURITAS INDONESIA;17/02/2023;22/02/2023;122;190;02/03/2023;08/03/2023;08/03/2023;09/03/2023;10/03/2023;35%;"[{""code"": ""IF"", ""name"": ""SAMUEL SEKURITAS INDONESIA"", ""percentage"": """"}, {""code"": ""AZ"", ""name"": ""SUCOR SEKURITAS"", ""percentage"": """"}, {""code"": ""OD"", ""name"": ""BRI DANAREKSA SEKURITAS"", ""percentage"": """"}, {""code"": ""YP"", ""name"": ""MIRAE ASSET SEKURITAS INDONESIA"", ""percentage"": """"}]";NSSS-W;0.5;190.0;-;-;-;-;138.0;138.0;126.0;135.0;8.0;6.30%;1063304800.0;6%;3%;14%;52%;38%;31 Juli 2024;https://www.idx.co.id/id/perusahaan-tercatat/kinerja-saham-tercatat-baru/;;;;;31 Juli 2024;https://www.idx.co.id/id/perusahaan-tercatat/kinerja-saham-tercatat-baru/
Closed;HAJJ;;PT Arsy Buana Travelindo Tbk;Consumer Cyclicals;Travel Agencies;Akselerasi;140.0;Perseroan bergerak dalam bidang Jasa Penyedia Akomodasi Perjalanan Wisata;Ruko Harvest No, 3, Jl, Merpati Raya, Kel, Sawah, Kec, Ciputat, Kota Tangerang Selatan, 15413;https://abttravel.id/;687100000;29.99;SF;SURYA FAJAR SEKURITAS;24/02/2023;09/03/2023;140;145;28/03/2023;03/04/2023;03/04/2023;04/04/2023;05/04/2023;35%;"[{""code"": ""SF"", ""name"": ""SURYA FAJAR SEKURITAS"", ""percentage"": """"}]";HAJJ-W;0.8;175.0;20;35;13;30;150.0;154.0;130.0;154.0;14.0;10.00%;130126900.0;10%;25%;211%;9%;-7%;31 Juli 2024;https://www.idx.co.id/id/perusahaan-tercatat/kinerja-saham-tercatat-baru/;;;;;31 Juli 2024;https://www.idx.co.id/id/perusahaan-tercatat/kinerja-saham-tercatat-baru/
Closed;GTRA;;PT Grahaprima Suksesmandiri Tbk;Transportation & Logistic;Logistics & Deliveries;Pengembangan;150.0;Bergerak dalam bidang angkutan bermotor untuk barang umum;Gedung Graha 55 Lt,3, Jalan Tanah Abang II No, 57 Kel, Petojo Selatan, Kec, Gambir, Jakarta Pusat 10160, Indonesia;https://www.grahatrans.com;378875000;20.0;AI;UOB KAY HIAN SEKURITAS;27/02/2023;06/03/2023;100;150;21/03/2023;28/03/2023;28/03/2023;29/03/2023;30/03/2023;35%;"[{""code"": ""AI"", ""name"": ""UOB KAY HIAN SEKURITAS"", ""percentage"": """"}]";;0.0;;;;;;202.0;202.0;202.0;202.0;52.0;34.67%;11377100.0;35%;85%;77%;39%;9%;31 Juli 2024;https://www.idx.co.id/id/perusahaan-tercatat/kinerja-saham-tercatat-baru/;;;;;31 Juli 2024;https://www.idx.co.id/id/perusahaan-tercatat/kinerja-saham-tercatat-baru/
Closed;NCKL;;PT Trimegah Bangun Persada Tbk;Basic Materials;Diversified Metals & Minerals;Utama;1250.0;Bergerak di bidang usaha Pertambangan Bijih Nikel;Gedung Bank Panin Lt, 2 Jalan Jendral Sudirman Kav, 1 Kelurahan Gelora, Kecamatan Tanah Abang, Jakarta Pusat 10270;https://www.tbpnickel.com;7997600000;12.67;CC;MANDIRI SEKURITAS;15/03/2023;24/03/2023;1220;1250;05/04/2023;10/04/2023;10/04/2023;11/04/2023;12/04/2023;25%;"[{""code"": ""CC"", ""name"": ""MANDIRI SEKURITAS"", ""percentage"": """"}, {""code"": ""AI"", ""name"": ""UOB KAY HIAN SEKURITAS"", ""percentage"": """"}, {""code"": ""DP"", ""name"": ""DBS VICKERS SEKURITAS INDONESIA"", ""percentage"": """"}, {""code"": ""TP"", ""name"": ""OCBC SEKURITAS INDONESIA"", ""percentage"": """"}]";;0.0;;;;;;;1410.0;1205.0;1305.0;55.0;4.40%;657355200.0;4%;16%;-10%;-21%;-28%;31 Juli 2024;https://www.idx.co.id/id/perusahaan-tercatat/kinerja-saham-tercatat-baru/;;;;;31 Juli 2024;https://www.idx.co.id/id/perusahaan-tercatat/kinerja-saham-tercatat-baru/
Closed;PIPA;;PT Multi Makmur Lemindo Tbk;Industrials;Building Products & Fixtures;Pemantauan Khusus;105.0;Bergerak di bidang manufaktur material bahan bangunan dari plastik berbahan dasar PVC dan perdagang;Jl, Sultan Iskandar Muda No,70, Kedaung Baru, Neglasari Tangerang, Banten, 15128;https://www.multimakmurlemindo.com;925000000;27.01;AH;SHINHAN SEKURITAS INDONESIA;15/03/2023;21/03/2023;100;110;03/04/2023;05/04/2023;05/04/2023;06/04/2023;10/04/2023;35%;"[{""code"": ""AH"", ""name"": ""SHINHAN SEKURITAS INDONESIA"", ""percentage"": """"}]";PIPA-W;0.9;110.0;22;42;10;16;135.0;141.0;135.0;141.0;36.0;34.29%;20506300.0;34%;60%;1%;-52%;-52%;31 Juli 2024;https://www.idx.co.id/id/perusahaan-tercatat/kinerja-saham-tercatat-baru/;;;;;31 Juli 2024;https://www.idx.co.id/id/perusahaan-tercatat/kinerja-saham-tercatat-baru/
Closed;MENN;;PT Menn Teknologi Indonesia Tbk;Technology;Electronic Equipment & Instruments;Akselerasi;78.0;Bergerak Dalam Bidang Teknologi Digital Penyedia Solusi Sistem Informasi Berbasis Internet of Things;Mall Ambasador Lt,5 No, 9F Jl, Prof, Dr, Satrio, Karet Kuningan, Setiabudi, Jakarta Selatan, Indonesia - 12940;https://www.menngroup.id;430200000;30.0;IU;INDO CAPITAL SEKURITAS;27/03/2023;31/03/2023;75;80;12/04/2023;14/04/2023;14/04/2023;17/04/2023;18/04/2023;35%;"[{""code"": ""IU"", ""name"": ""INDO CAPITAL SEKURITAS"", ""percentage"": """"}, {""code"": ""HD"", ""name"": ""KGI SEKURITAS INDONESIA"", ""percentage"": """"}]";MENN-W;0.666666667;98.0;-;-;-;-;77.0;85.0;71.0;71.0;-7.0;-8.97%;93380700.0;-9%;-31%;-45%;42%;-87%;31 Juli 2024;https://www.idx.co.id/id/perusahaan-tercatat/kinerja-saham-tercatat-baru/;;;;;31 Juli 2024;https://www.idx.co.id/id/perusahaan-tercatat/kinerja-saham-tercatat-baru/
Closed;AWAN;;PT Era Digital Media Tbk;Technology;Online Applications & Services;Pengembangan;100.0;Jasa Konten SMS Premium dan Aktivitas Perusahaan Holding;Jl, Cikini Raya No, 72, Desa/Kelurahan Cikini, Kec, Menteng, Kota Adm, Jakarta Pusat, Provinsi DKI Jakarta, Kode Pos: 10330;https://ptedm.com/;750000000;21.83;IF;SAMUEL SEKURITAS INDONESIA;28/03/2023;31/03/2023;100;110;12/04/2023;14/04/2023;14/04/2023;17/04/2023;18/04/2023;35%;"[{""code"": ""IF"", ""name"": ""SAMUEL SEKURITAS INDONESIA"", ""percentage"": """"}, {""code"": ""AZ"", ""name"": ""SUCOR SEKURITAS"", ""percentage"": """"}]";;0.0;;;;;;135.0;135.0;135.0;135.0;35.0;35.00%;5514600.0;35%;212%;152%;134%;218%;31 Juli 2024;https://www.idx.co.id/id/perusahaan-tercatat/kinerja-saham-tercatat-baru/;;;;;31 Juli 2024;https://www.idx.co.id/id/perusahaan-tercatat/kinerja-saham-tercatat-baru/
Closed;MBMA;;PT Merdeka Battery Materials Tbk,;Basic Materials;Diversified Metals & Minerals;Utama;795.0;Grup usaha di sektor nikel dan mineral lainnya yang terintegrasi secara vertikal;Treasury Tower Lantai 69, District 8, SCBD Lot 28 Jl Jend, Sudirman Kav, 52-53, Jakarta Selatan 12190, DKI Jakarta;https://www.merdekabattery.com/;11000000000;10.24;PD;INDO PREMIER SEKURITAS;28/03/2023;04/04/2023;780;795;12/04/2023;14/04/2023;14/04/2023;17/04/2023;18/04/2023;25%;"[{""code"": ""PD"", ""name"": ""INDO PREMIER SEKURITAS"", ""percentage"": """"}, {""code"": ""AZ"", ""name"": ""SUCOR SEKURITAS"", ""percentage"": """"}, {""code"": ""KI"", ""name"": ""CIPTADANA SEKURITAS ASIA"", ""percentage"": """"}, {""code"": ""LG"", ""name"": ""TRIMEGAH SEKURITAS INDONESIA TBK"", ""percentage"": """"}]";;0.0;;;;;;805.0;955.0;805.0;885.0;90.0;11.32%;1303667800.0;11%;1%;-1%;-10%;-32%;31 Juli 2024;https://www.idx.co.id/id/perusahaan-tercatat/kinerja-saham-tercatat-baru/;;;;;31 Juli 2024;https://www.idx.co.id/id/perusahaan-tercatat/kinerja-saham-tercatat-baru/
Closed;SMIL;;PT Sarana Mitra Luas Tbk;Industrials;Construction Machinery & Heavy Vehicles;Utama;100.0;Penyewaan Forklift dan Material Handling Equipment Lainnya;Jl, Gemalapik Raya, Pasirsari, Cikarang Selatan, Bekasi, Jawa Barat 17530;https://www.sml.co.id/;1750000000;20.0;EP;MNC SEKURITAS;30/03/2023;11/04/2023;100;200;08/05/2023;10/05/2023;10/05/2023;11/05/2023;12/05/2023;35%;"[{""code"": ""EP"", ""name"": ""MNC SEKURITAS"", ""percentage"": """"}, {""code"": ""AO"", ""name"": ""ERDIKHA ELIT SEKURITAS"", ""percentage"": """"}, {""code"": ""CP"", ""name"": ""KB VALBURY SEKURITAS"", ""percentage"": """"}]";SMIL-W;1.4;500.0;20;29;2;3;135.0;135.0;135.0;135.0;35.0;35.00%;25633300.0;35%;48%;43%;26%;41%;31 Juli 2024;https://www.idx.co.id/id/perusahaan-tercatat/kinerja-saham-tercatat-baru/;;;;;31 Juli 2024;https://www.idx.co.id/id/perusahaan-tercatat/kinerja-saham-tercatat-baru/
Closed;TYRE;;PT King Tire Indonesia Tbk;Consumer Cyclicals;Tires;Pengembangan;138.0;Bergerak dalam bidang Industri Ban Luar dan Ban Dalam;Jl, Raya Serang KM, 68 Desa Nambo Ilir, Kecamatan Kibin Kabupaten Serang – Banten 42185;https://www.kingland.co.id;700000000;20.13;MI;VICTORIA SEKURITAS INDONESIA;06/04/2023;12/04/2023;108;138;02/05/2023;04/05/2023;04/05/2023;05/05/2023;08/05/2023;35%;"[{""code"": ""MI"", ""name"": ""VICTORIA SEKURITAS INDONESIA"", ""percentage"": """"}]";TYRE-W;0.5;150.0;25;50;17;20;186.0;186.0;178.0;186.0;48.0;34.78%;79940900.0;35%;2%;-11%;-12%;-1%;31 Juli 2024;https://www.idx.co.id/id/perusahaan-tercatat/kinerja-saham-tercatat-baru/;;;;;31 Juli 2024;https://www.idx.co.id/id/perusahaan-tercatat/kinerja-saham-tercatat-baru/
Closed;DOOH;;PT Era Media Sejahtera Tbk;Consumer Cyclicals;Advertising;Pengembangan;100.0;Bergerak dalam bidang Aktivitas Periklanan dan Konsultasi Manajemen lainya;Ruko Fatmawati Mas Blok B5 Kav 205 Jl, RS Fatmawati No 20, Cilandak Barat, Cilandak, Jakarta Selatan, Indonesia – Kode pos 12430;https://www.sspace.id;1547500000;20.0;IU;INDO CAPITAL SEKURITAS;10/04/2023;14/04/2023;100;120;02/05/2023;04/05/2023;04/05/2023;05/05/2023;08/05/2023;35%;"[{""code"": ""IU"", ""name"": ""INDO CAPITAL SEKURITAS"", ""percentage"": """"}, {""code"": ""HD"", ""name"": ""KGI SEKURITAS INDONESIA"", ""percentage"": """"}]";DOOH-W;0.8;135.0;15;15;3;3;93.0;132.0;93.0;105.0;5.0;5.00%;2361018900.0;5%;-1%;-48%;60%;-45%;31 Juli 2024;https://www.idx.co.id/id/perusahaan-tercatat/kinerja-saham-tercatat-baru/;;;;;31 Juli 2024;https://www.idx.co.id/id/perusahaan-tercatat/kinerja-saham-tercatat-baru/
Closed;JATI;;PT Informasi Teknologi Indonesia Tbk;Technology;Software;Pengembangan;100.0;Perdagangan Teknologi Informasi;Graha Orange Jl, Mampang Prapatan Raya No,3 Mampang Prapatan, Jakarta Selatan 12790;https://jatismobile.com/id/;652500000;20.0;HD;KGI SEKURITAS INDONESIA;11/04/2023;14/04/2023;100;120;02/05/2023;04/05/2023;04/05/2023;05/05/2023;08/05/2023;35%;"[{""code"": ""HD"", ""name"": ""KGI SEKURITAS INDONESIA"", ""percentage"": """"}, {""code"": ""AH"", ""name"": ""SHINHAN SEKURITAS INDONESIA"", ""percentage"": """"}]";JATI-W;1.0;250.0;-;-;-;-;;135.0;115.0;135.0;35.0;35.00%;20545700.0;35%;114%;45%;-28%;-50%;31 Juli 2024;https://www.idx.co.id/id/perusahaan-tercatat/kinerja-saham-tercatat-baru/;;;;;31 Juli 2024;https://www.idx.co.id/id/perusahaan-tercatat/kinerja-saham-tercatat-baru/
Closed;MPXL;;PT MPX Logistics International Tbk;Transportation & Logistic;Logistics & Deliveries;Pengembangan;108.0;Bergerak di bidang Pengangkutan dan Perdagangan;Jl, Soekarno Hatta No, 16 A Kampung Baru Raya, Labuhan Ratu, Bandar Lampung Lampung 35148;https://www.mpxlogistic.com;400000000;20.0;GR;PANIN SEKURITAS TBK,;11/04/2023;14/04/2023;103;110;03/05/2023;05/05/2023;05/05/2023;08/05/2023;09/05/2023;35%;"[{""code"": ""GR"", ""name"": ""PANIN SEKURITAS TBK"", ""percentage"": """"}]";MPXL-W;0.2;368.0;-;-;-;-;145.0;145.0;145.0;145.0;37.0;34.26%;5516000.0;34%;14%;15%;59%;36%;31 Juli 2024;https://www.idx.co.id/id/perusahaan-tercatat/kinerja-saham-tercatat-baru/;;;;;31 Juli 2024;https://www.idx.co.id/id/perusahaan-tercatat/kinerja-saham-tercatat-baru/
Closed;RAAM;;PT Tripar Multivision Plus Tbk,;Consumer Cyclicals;Entertainment & Movie Production;Utama;234.0;Bidang perfilman, khususnya produksi film, pascaproduksi film dan distribusi film;Multivision Tower, Lt, 21 – 23 Jl, Kuningan Mulia Lot 9B, Kuningan Jakarta Selatan 12980, Indonesia;https://www.mvpworld.com;929200000;15.0;AI;UOB KAY HIAN SEKURITAS;11/04/2023;18/04/2023;224;250;02/05/2023;04/05/2023;04/05/2023;05/05/2023;08/05/2023;25%;"[{""code"": ""AI"", ""name"": ""UOB KAY HIAN SEKURITAS"", ""percentage"": """"}, {""code"": ""AZ"", ""name"": ""SUCOR SEKURITAS"", ""percentage"": """"}]";;0.0;;;;;;292.0;292.0;292.0;292.0;58.0;24.79%;4227100.0;25%;201%;225%;105%;122%;31 Juli 2024;https://www.idx.co.id/id/perusahaan-tercatat/kinerja-saham-tercatat-baru/;;;;;31 Juli 2024;https://www.idx.co.id/id/perusahaan-tercatat/kinerja-saham-tercatat-baru/
Closed;MAXI;;PT Maxindo Karya Anugerah Tbk;Consumer Non-Cyclicals;Food Retail & Distributors;Pengembangan;100.0;Bergerak dalam bidang usaha Industri Makanan Ringan;Kawasan Industri Sentul Jl, Cahaya Raya Kav H5, Desa Leuwinutug, Kec, Citeureup Bogor, Jawa Barat 16180, Indonesia;https://maxisnacks.com/;1000000000;10.41;AH;SHINHAN SEKURITAS INDONESIA;22/05/2023;24/05/2023;100;110;06/06/2023;08/06/2023;08/06/2023;09/06/2023;12/06/2023;35%;"[{""code"": ""AH"", ""name"": ""SHINHAN SEKURITAS INDONESIA"", ""percentage"": """"}]";MAXI-W;1.0;100.0;10;13;2;2;91.0;95.0;85.0;85.0;-15.0;-15.00%;243418100.0;-15%;-42%;-39%;-50%;-51%;31 Juli 2024;https://www.idx.co.id/id/perusahaan-tercatat/kinerja-saham-tercatat-baru/;;;;;31 Juli 2024;https://www.idx.co.id/id/perusahaan-tercatat/kinerja-saham-tercatat-baru/
Closed;KLAS;;PT Pelayaran Kurnia Lautan Semesta Tbk;Transportation & Logistic;Logistics & Deliveries;Pengembangan;146.0;Bergerak di bidang angkutan laut dalam negeri barang umum;Rukan Grand Puri Niaga Jl, Puri Kencana Blok K6 No 3-O Kel, Kembangan Selatan, Kec, Kembangan Kota Administrasi Jakarta Barat 11610;https://www.pelayarankls.co.id;540000000;24.94;GR;PANIN SEKURITAS TBK,;23/05/2023;26/05/2023;140;146;06/06/2023;08/06/2023;08/06/2023;09/06/2023;12/06/2023;35%;"[{""code"": ""GR"", ""name"": ""PANIN SEKURITAS TBK"", ""percentage"": """"}]";;0.0;;;;;;197.0;197.0;197.0;197.0;51.0;34.93%;160125679.0;35%;-9%;-29%;-39%;-17%;31 Juli 2024;https://www.idx.co.id/id/perusahaan-tercatat/kinerja-saham-tercatat-baru/;;;;;31 Juli 2024;https://www.idx.co.id/id/perusahaan-tercatat/kinerja-saham-tercatat-baru/
Closed;RELF;;PT Graha Mitra Asia Tbk;Properties & Real Estate;Real Estate Development & Management;Akselerasi;90.0;Property & Real Estate;Sovereign Plaza Lt,5A Kav,36 Jl TB Simatupang Kota Jakarta Selatan - Daerah Khusus Ibukota Jakarta 12430;http://www.relifeasia.com/;1200000000;20.95;AI;UOB KAY HIAN SEKURITAS;25/05/2023;05/06/2023;90;100;15/06/2023;20/06/2023;20/06/2023;21/06/2023;22/06/2023;35%;"[{""code"": ""AI"", ""name"": ""UOB KAY HIAN SEKURITAS"", ""percentage"": """"}]";RELF-W;1.0;125.0;-;-;-;-;81.0;99.0;81.0;99.0;9.0;10.00%;542362100.0;10%;57%;53%;-71%;-83%;31 Juli 2024;https://www.idx.co.id/id/perusahaan-tercatat/kinerja-saham-tercatat-baru/;;;;;31 Juli 2024;https://www.idx.co.id/id/perusahaan-tercatat/kinerja-saham-tercatat-baru/
Closed;VKTR;;PT VKTR Teknologi Mobilitas Tbk;Consumer Cyclicals;Auto Parts & Equipment;Pengembangan;100.0;Bergerak di bidang perdagangan KBLBB, komponen suku cadang, dan industri pengecoran besi;Bakrie Tower Lantai 35 Jl, H,R, Rasuna Said Jakarta 12940;https://www.vktr.id;8750000000;20.0;KI;CIPTADANA SEKURITAS ASIA;26/05/2023;31/05/2023;100;130;13/06/2023;15/06/2023;15/06/2023;16/06/2023;19/06/2023;35%;"[{""code"": ""KI"", ""name"": ""CIPTADANA SEKURITAS ASIA"", ""percentage"": """"}, {""code"": ""IF"", ""name"": ""SAMUEL SEKURITAS INDONESIA"", ""percentage"": """"}, {""code"": ""LG"", ""name"": ""TRIMEGAH SEKURITAS INDONESIA TBK"", ""percentage"": """"}]";;0.0;;;;;;135.0;135.0;105.0;111.0;11.0;11.00%;2865807700.0;11%;15%;30%;15%;0%;31 Juli 2024;https://www.idx.co.id/id/perusahaan-tercatat/kinerja-saham-tercatat-baru/;;;;;31 Juli 2024;https://www.idx.co.id/id/perusahaan-tercatat/kinerja-saham-tercatat-baru/
Closed;AMMN;;PT Amman Mineral Internasional Tbk,;Basic Materials;Copper;Utama;1695.0;Aktivitas Perusahaan Holding;Gedung Menara Karya Lantai 6 Unit A, B, C dan H Jl, H,R, Rasuna Said Blok X-5 Kav, 1-2 Jakarta Selatan 12950;https://www.amman.co.id;6328208800;8.8;CC;MANDIRI SEKURITAS;31/05/2023;16/06/2023;1650;1775;03/07/2023;05/07/2023;05/07/2023;06/07/2023;07/07/2023;25%;"[{""code"": ""CC"", ""name"": ""MANDIRI SEKURITAS"", ""percentage"": """"}, {""code"": ""DP"", ""name"": ""DBS VICKERS SEKURITAS INDONESIA"", ""percentage"": """"}, {""code"": ""IF"", ""name"": ""SAMUEL SEKURITAS INDONESIA"", ""percentage"": """"}, {""code"": ""NI"", ""name"": ""BNI SEKURITAS"", ""percentage"": """"}, {""code"": ""OD"", ""name"": ""BRI DANAREKSA SEKURITAS"", ""percentage"": """"}]";;0.0;;;;;;1745.0;1820.0;1700.0;1755.0;60.0;3.54%;411565100.0;4%;4%;69%;282%;581%;31 Juli 2024;https://www.idx.co.id/id/perusahaan-tercatat/kinerja-saham-tercatat-baru/;;;;;31 Juli 2024;https://www.idx.co.id/id/perusahaan-tercatat/kinerja-saham-tercatat-baru/
Closed;GRPM;;PT Graha Prima Mentari Tbk;Transportation & Logistic;Logistics & Deliveries;Akselerasi;120.0;Bidang Usaha Distribusi Minuman Berkarbonasi;Jl, Tuparev No, 87A, Cirebon - Jawa Barat;https://grahaprimamentari.co.id/;309000000;20.0;XA;NH KORINDO SEKURITAS INDONESIA;15/06/2023;20/06/2023;120;130;04/07/2023;06/07/2023;06/07/2023;07/07/2023;10/07/2023;35%;"[{""code"": ""XA"", ""name"": ""NH KORINDO SEKURITAS INDONESIA"", ""percentage"": """"}]";GRPM-W;0.5;250.0;8;31;4;16;108.0;108.0;108.0;108.0;-12.0;-10.00%;7573800.0;-10%;-30%;-38%;-60%;-63%;31 Juli 2024;https://www.idx.co.id/id/perusahaan-tercatat/kinerja-saham-tercatat-baru/;;;;;31 Juli 2024;https://www.idx.co.id/id/perusahaan-tercatat/kinerja-saham-tercatat-baru/
Closed;CRSN;;PT Carsurin Tbk;Industrials;Business Support Services;Pengembangan;125.0;Testing, Inspection, Certification;SOHO CAPITAL, 28th Floor Jl, Letjen S, Parman Kav,28, Grogol Petamburan, Jakarta Barat;https://www.carsurin.com;600000000;20.75;XA;NH KORINDO SEKURITAS INDONESIA;16/06/2023;21/06/2023;120;125;04/07/2023;06/07/2023;06/07/2023;07/07/2023;10/07/2023;35%;"[{""code"": ""XA"", ""name"": ""NH KORINDO SEKURITAS INDONESIA"", ""percentage"": """"}]";;0.0;;;;;;;168.0;132.0;143.0;18.0;14.40%;577174300.0;14%;-10%;-7%;-2%;-20%;31 Juli 2024;https://www.idx.co.id/id/perusahaan-tercatat/kinerja-saham-tercatat-baru/;;;;;31 Juli 2024;https://www.idx.co.id/id/perusahaan-tercatat/kinerja-saham-tercatat-baru/
Closed;WIDI;;PT Widiant Jaya Krenindo Tbk;Industrials;Construction Machinery & Heavy Vehicles;Akselerasi;100.0;Bergerak dalam Bidang Jasa Sewa Alat Berat Beserta Operator;Jl, Teh No, 4-6, RT,7/RW,3, Kel, Pinangsia, Kec, Taman Sari, Jakarta Barat, 11110, Indonesia;https://www.ptwidi.com/;400000000;25.0;SH;ARTHA SEKURITAS INDONESIA;16/06/2023;22/06/2023;100;115;04/07/2023;06/07/2023;06/07/2023;07/07/2023;10/07/2023;35%;"[{""code"": ""SH"", ""name"": ""ARTHA SEKURITAS INDONESIA"", ""percentage"": """"}]";WIDI-W;1.05;120.0;-;-;-;-;100.0;110.0;100.0;110.0;10.0;10.00%;125392100.0;10%;8%;40%;-56%;-92%;31 Juli 2024;https://www.idx.co.id/id/perusahaan-tercatat/kinerja-saham-tercatat-baru/;;;;;31 Juli 2024;https://www.idx.co.id/id/perusahaan-tercatat/kinerja-saham-tercatat-baru/
Closed;TGUK;;PT Platinum Wahab Nusantara Tbk;Consumer Non-Cyclicals;Food Retail & Distributors;Pengembangan;110.0;Makanan dan Minuman;Ruko Golden Square Blok GS No, 2 Jl, Ciater Raya, Kelurahan Mekarjaya, Kecamatan Serpong Tangerang Selatan, Banten 15321;https://teguk.co.id/;1071429000;30.0;MG;SEMESTA INDOVEST SEKURITAS;19/06/2023;23/06/2023;105;112;04/07/2023;06/07/2023;06/07/2023;07/07/2023;10/07/2023;35%;"[{""code"": ""MG"", ""name"": ""SEMESTA INDOVEST SEKURITAS"", ""percentage"": """"}]";TGUK-W;0.4;152.0;-;-;-;-;148.0;148.0;148.0;148.0;38.0;34.55%;34179100.0;35%;26%;-10%;-15%;-55%;31 Juli 2024;https://www.idx.co.id/id/perusahaan-tercatat/kinerja-saham-tercatat-baru/;;;;;31 Juli 2024;https://www.idx.co.id/id/perusahaan-tercatat/kinerja-saham-tercatat-baru/
Closed;INET;;PT Sinergi Inti Andalan Prima Tbk;Technology;Networking Equipment;Pengembangan;101.0;Bergerak di bidang Teknologi Informasi;Gedung Cyber 1, Lantai 10, Jl, Kuningan Barat No,8, Jakarta Selatan 12710;https://siapnetworks.co.id/;1500000000;20.0;AH;SHINHAN SEKURITAS INDONESIA;26/06/2023;05/07/2023;100;101;17/07/2023;20/07/2023;20/07/2023;21/07/2023;24/07/2023;35%;"[{""code"": ""AH"", ""name"": ""SHINHAN SEKURITAS INDONESIA"", ""percentage"": """"}]";INET-W;1.4;91.0;4;18;4;7;101.0;136.0;86.0;136.0;35.0;34.65%;492711600.0;35%;100%;84%;-31%;-50%;31 Juli 2024;https://www.idx.co.id/id/perusahaan-tercatat/kinerja-saham-tercatat-baru/;;;;;31 Juli 2024;https://www.idx.co.id/id/perusahaan-tercatat/kinerja-saham-tercatat-baru/
Closed;MAHA;;PT Mandiri Herindo Adiperkasa Tbk;Energy;Coal Distribution;Utama;118.0;Aktivitas jasa penunjang pertambangan;Gedung Office 8, Lantai 31 Unit A Jl, Senopati Raya No,8B, SCBD Lot 28, Kav, 52-53 Jakarta 12190, Indonesia;https://www.mha.co.id;4166000000;25.0;LG;TRIMEGAH SEKURITAS INDONESIA TBK,;26/06/2023;06/07/2023;118;128;18/07/2023;21/07/2023;21/07/2023;24/07/2023;25/07/2023;35%;"[{""code"": ""LG"", ""name"": ""TRIMEGAH SEKURITAS INDONESIA TBK"", ""percentage"": """"}]";;0.0;;;;;;159.0;159.0;159.0;159.0;41.0;34.75%;82100000.0;35%;132%;114%;58%;65%;31 Juli 2024;https://www.idx.co.id/id/perusahaan-tercatat/kinerja-saham-tercatat-baru/;;;;;31 Juli 2024;https://www.idx.co.id/id/perusahaan-tercatat/kinerja-saham-tercatat-baru/
Canceled;AKSL-C1;;PT Akselerasi Usaha Indonesia Tbk;Financials;Financial Holdings;;;Penyedia LPBBTI atau P2P Lending melalui Entitas Anak dan Perusahaan Holding;Sahid Sudirman Center Lantai 11 Unit G, Jl, Jendral Sudirman Kav,86, Jakarta Pusat 10220;https://www.akselerangroup.com;2988493800;29.0;OD;BRI DANAREKSA SEKURITAS;03/07/2023;21/07/2023;100;120;;;;;;35%;"[{""code"": ""OD"", ""name"": ""BRI DANAREKSA SEKURITAS"", ""percentage"": """"}, {""code"": ""SQ"", ""name"": ""BCA SEKURITAS"", ""percentage"": """"}]";;0.1;0.0;;;;;;;;;;;;;;;;;31 Juli 2024;https://www.idx.co.id/id/perusahaan-tercatat/kinerja-saham-tercatat-baru/;;;;;31 Juli 2024;https://www.idx.co.id/id/perusahaan-tercatat/kinerja-saham-tercatat-baru/
Closed;CNMA;;PT Nusantara Sejahtera Raya Tbk;Consumer Cyclicals;Recreational & Sports Facilities;Utama;270.0;Bioskop dan Restoran;Jl, KH Wahid Hasyim No,96-A Jakarta Pusat 10340;https://www.cinema21.co.id;8335000000;10.0;CC;MANDIRI SEKURITAS;10/07/2023;14/07/2023;270;288;27/07/2023;31/07/2023;31/07/2023;01/08/2023;02/08/2023;25%;"[{""code"": ""CC"", ""name"": ""MANDIRI SEKURITAS"", ""percentage"": """"}, {""code"": ""PD"", ""name"": ""INDO PREMIER SEKURITAS"", ""percentage"": """"}]";;0.0;;;;;;;318.0;270.0;316.0;46.0;17.04%;2002459400.0;17%;14%;1%;-4%;;31 Juli 2024;https://www.idx.co.id/id/perusahaan-tercatat/kinerja-saham-tercatat-baru/;;;;;31 Juli 2024;https://www.idx.co.id/id/perusahaan-tercatat/kinerja-saham-tercatat-baru/
Closed;RMKO;;PT Royaltama Mulia Kontraktorindo Tbk;Energy;Oil, Gas & Coal Equipment & Services;Pengembangan;450.0;Jasa Penunjang Pertambangan dan Jasa Penyewaan Alat-Alat Berat;Wisma RMK, Jl, Puri Kencana Blok M4 No, 1, Kembangan Selatan, Jakarta Barat 11610;http://www.rmko.co.id/;250000000;20.0;MI;VICTORIA SEKURITAS INDONESIA;10/07/2023;13/07/2023;350;450;25/07/2023;27/07/2023;27/07/2023;28/07/2023;31/07/2023;25%;"[{""code"": ""MI"", ""name"": ""VICTORIA SEKURITAS INDONESIA"", ""percentage"": """"}]";;0.0;;;;;;560.0;560.0;560.0;560.0;110.0;24.44%;7057100.0;24%;21%;-17%;-43%;-53%;31 Juli 2024;https://www.idx.co.id/id/perusahaan-tercatat/kinerja-saham-tercatat-baru/;;;;;31 Juli 2024;https://www.idx.co.id/id/perusahaan-tercatat/kinerja-saham-tercatat-baru/
Closed;MUTU;;PT Mutuagung Lestari Tbk;Consumer Discretionary;;Pengembangan;108.0;Jasa Pengujian, Inspeksi dan Sertifikasi;Jl. Raya Bogor KM 33,5 No. 19 Cimanggis Depok, 16453;https://www.mutucertification.com;942857200;30.0;LG;TRIMEGAH SEKURITAS INDONESIA TBK;;;;;;;;;;;;;;;;;;;;;;;;;;;;;;;;;;;;;;
Closed;HBAT;;PT Minahasa Membangun Hebat Tbk;Properties & Real Estate;Real Estate Development & Management;Akselerasi;108.0;Bergerak dalam Bidang Usaha Real Estate;Perumahan Sawangan Permai Kel, Sawangan, Kec, Tombulu, Kab, Minahasa, Prov, Sulawesi Utara 95663, Indonesia;https://mmhebat.co.id/;240740800;23.13;YJ;LOTUS ANDALAN SEKURITAS;12/07/2023;20/07/2023;100;108;01/08/2023;03/08/2023;03/08/2023;04/08/2023;07/08/2023;35%;"[{""code"": ""YJ"", ""name"": ""LOTUS ANDALAN SEKURITAS"", ""percentage"": """"}]";;0.0;;;;;;118.0;118.0;98.0;98.0;-10.0;-9.26%;182956900.0;-9%;-38%;-49%;-64%;;31 Juli 2024;https://www.idx.co.id/id/perusahaan-tercatat/kinerja-saham-tercatat-baru/;;;;;31 Juli 2024;https://www.idx.co.id/id/perusahaan-tercatat/kinerja-saham-tercatat-baru/
Closed;ERAL;;PT Sinar Eka Selaras Tbk;Consumer Cyclicals;Electronics Retail;Utama;390.0;Aktivitas Perdagangan Besar serta Perdagangan Eceran melalui Perusahaan Anak;Erajaya Plaza Jalan Bandengan Selatan No, 19-20, Kel, Pekojan, Kec, Tambora Kota Jakarta Barat, DKI Jakarta 11240;https://www.ses.id/;1037500000;20.0;YP;MIRAE ASSET SEKURITAS INDONESIA;14/07/2023;26/07/2023;370;410;02/08/2023;04/08/2023;04/08/2023;07/08/2023;08/08/2023;25%;"[{""code"": ""YP"", ""name"": ""MIRAE ASSET SEKURITAS INDONESIA"", ""percentage"": """"}, {""code"": ""NI"", ""name"": ""BNI SEKURITAS"", ""percentage"": """"}]";;0.0;;;;;;;480.0;198.0;402.0;12.0;3.08%;532259300.0;3%;-6%;-5%;-22%;;31 Juli 2024;https://www.idx.co.id/id/perusahaan-tercatat/kinerja-saham-tercatat-baru/;;;;;31 Juli 2024;https://www.idx.co.id/id/perusahaan-tercatat/kinerja-saham-tercatat-baru/
Closed;MSIE;;PT Multisarana Intan Eduka Tbk;Properties & Real Estate;Real Estate Development & Management;Akselerasi;100.0;Real estat dan aktivitas penyewaan dan sewa guna usaha tanpa hak opsi;Jl, Raya Kedung Baruk No, 112 – 114 Penjaringan Sari, Kec, Rungkut, Kota Surabaya, Jawa Timur;https://msie.co.id;360000000;24.66;EP;MNC SEKURITAS;17/07/2023;24/07/2023;100;110;02/08/2023;08/08/2023;08/08/2023;09/08/2023;10/08/2023;35%;"[{""code"": ""EP"", ""name"": ""MNC SEKURITAS"", ""percentage"": """"}, {""code"": ""CP"", ""name"": ""KB VALBURY SEKURITAS"", ""percentage"": """"}]";MSIE-W;0.5;250.0;-;-;-;-;90.0;90.0;90.0;90.0;-10.0;-10.00%;9448800.0;-10%;-40%;-58%;-76%;;31 Juli 2024;https://www.idx.co.id/id/perusahaan-tercatat/kinerja-saham-tercatat-baru/;;;;;31 Juli 2024;https://www.idx.co.id/id/perusahaan-tercatat/kinerja-saham-tercatat-baru/
Closed;CYBR;;PT ITSEC Asia Tbk;Technology;IT Services & Consulting;Pengembangan;100.0;Aktivitas Konsultasi Keamanan Informasi;Kantor Pusat : Gedung Noble House Lantai 11 Unit 2 & 3 Jl, Dr Ide Anak Agung Gde Agung Kavling E,4,2 No 2, Mega Kuningan Kelurahan Kuningan Timur, Kecamatan Setiabudi Jakarta Selatan, Indonesia 12950;https://www.itsec.asia;1008734800;15.64;YP;MIRAE ASSET SEKURITAS INDONESIA;18/07/2023;26/07/2023;100;110;02/08/2023;04/08/2023;04/08/2023;07/08/2023;08/08/2023;35%;"[{""code"": ""YP"", ""name"": ""MIRAE ASSET SEKURITAS INDONESIA"", ""percentage"": """"}, {""code"": ""AZ"", ""name"": ""SUCOR SEKURITAS"", ""percentage"": """"}, {""code"": ""LG"", ""name"": ""TRIMEGAH SEKURITAS INDONESIA TBK"", ""percentage"": """"}]";CYBR-W;0.5;400.0;13;27;13;24;130.0;135.0;130.0;135.0;35.0;35.00%;59517600.0;35%;132%;66%;118%;;31 Juli 2024;https://www.idx.co.id/id/perusahaan-tercatat/kinerja-saham-tercatat-baru/;;;;;31 Juli 2024;https://www.idx.co.id/id/perusahaan-tercatat/kinerja-saham-tercatat-baru/
Closed;HUMI;;PT Humpuss Maritim Internasional Tbk;Energy;Oil & Gas Storage & Distribution;Utama;100.0;Aktivitas Perusahaan Holding, Angkutan Laut dalam Negeri untuk Barang Khusus;Gedung Mangkuluhur City Tower One Lt, 27 Jl, Jend Gatot Subroto Kav 1, Karet Semanggi Setiabudi, Jakarta Selatan, 12930;https://humi.co.id/;2707000000;15.0;LS;RELIANCE SEKURITAS INDONESIA TBK,;18/07/2023;24/07/2023;100;150;02/08/2023;07/08/2023;07/08/2023;08/08/2023;09/08/2023;35%;"[{""code"": ""LS"", ""name"": ""RELIANCE SEKURITAS INDONESIA TBK"", ""percentage"": """"}]";HUMI-W;0.5;200.0;23;23;7;7;120.0;120.0;92.0;102.0;2.0;2.00%;443952700.0;2%;51%;89%;-43%;;31 Juli 2024;https://www.idx.co.id/id/perusahaan-tercatat/kinerja-saham-tercatat-baru/;;;;;31 Juli 2024;https://www.idx.co.id/id/perusahaan-tercatat/kinerja-saham-tercatat-baru/
Canceled;ZEUS-C1;;PT Zeus Kimiatama Indonesia Tbk;Basic Materials;Specialty Chemicals;;;Manufaktur dan Perdagangan Kimia Khusus;Jl, Sungkai Blok F25 No, 09 IA Delta Silicon V, Kawasan Industri Lippo Cikarang, Kecamatan Cikarang Pusat, Kabupaten Bekasi – Jawa Barat Indonesia – 17530;https://www.zekindo.co.id/;1050000000;21.27;XA;NH KORINDO SEKURITAS INDONESIA;18/07/2023;26/07/2023;100;105;;;;;;35%;"[{""code"": ""XA"", ""name"": ""NH KORINDO SEKURITAS INDONESIA"", ""percentage"": """"}]";;0.5;;;;;;;;;;;;;;;;;;31 Juli 2024;https://www.idx.co.id/id/perusahaan-tercatat/kinerja-saham-tercatat-baru/;;;;;31 Juli 2024;https://www.idx.co.id/id/perusahaan-tercatat/kinerja-saham-tercatat-baru/
Canceled;BITU-C1;;PT BERKAH MULIA MANDIRI TBK;Industrials;Diversified Industrial Trading;;;Bidang Perdagangan Bitumen dan Pengelola Terminal Bitumen;Jl, Margomulyo Industri I Blok C 10 Komplek Suri Mulia, Tambak Sarioso, Asemrowo, Surabaya 60184;https://www.berkahmuliamandiri.co.id;550000000;31.3;XA;NH KORINDO SEKURITAS INDONESIA;20/07/2023;25/07/2023;131;140;;;;;;35%;"[{""code"": ""XA"", ""name"": ""NH KORINDO SEKURITAS INDONESIA"", ""percentage"": """"}]";;0.25;;;;;;;;;;;;;;;;;;31 Juli 2024;https://www.idx.co.id/id/perusahaan-tercatat/kinerja-saham-tercatat-baru/;;;;;31 Juli 2024;https://www.idx.co.id/id/perusahaan-tercatat/kinerja-saham-tercatat-baru/
Closed;FOLK;;PT Multi Garam Utama Tbk;Industrials;Multi-sector Holdings;Pengembangan;100.0;Aktivitas Perusahaan Holding dan Aktivitas Konsultasi Manajemen;Prosperity Tower 17-F District 8, SCBD, Jalan Jenderal Sudirman Kavling 52-53, Kelurahan Senayan, Kec, Kebayoran Baru, Jakarta Selatan, Provinsi DKI Jakarta, 12190;https://folkgroup.co;570000000;14.44;HD;KGI SEKURITAS INDONESIA;20/07/2023;24/07/2023;100;105;01/08/2023;03/08/2023;03/08/2023;04/08/2023;07/08/2023;35%;"[{""code"": ""HD"", ""name"": ""KGI SEKURITAS INDONESIA"", ""percentage"": """"}, {""code"": ""IF"", ""name"": ""SAMUEL SEKURITAS INDONESIA"", ""percentage"": """"}]";FOLK-W;0.5;200.0;-;-;-;-;135.0;135.0;110.0;113.0;13.0;13.00%;771271300.0;13%;-15%;-27%;-41%;;31 Juli 2024;https://www.idx.co.id/id/perusahaan-tercatat/kinerja-saham-tercatat-baru/;;;;;31 Juli 2024;https://www.idx.co.id/id/perusahaan-tercatat/kinerja-saham-tercatat-baru/
Closed;GRIA;;PT Ingria Pratama Capitalindo Tbk;Properties & Real Estate;Real Estate Development & Management;Pengembangan;120.0;Real Estat;Ruko Pondok Cabe Mutiara, Jalan Pondok Cabe Raya No, 27, Kecamatan Pamulang, Tangerang Selatan, Banten 15418,;https://ingriagroup.com/;1725000000;23.39;AO;ERDIKHA ELIT SEKURITAS;20/07/2023;24/07/2023;115;120;02/08/2023;04/08/2023;04/08/2023;07/08/2023;08/08/2023;35%;"[{""code"": ""AO"", ""name"": ""ERDIKHA ELIT SEKURITAS"", ""percentage"": """"}]";;0.0;;;;;;102.0;139.0;102.0;118.0;-2.0;-1.67%;495131000.0;-2%;-2%;-5%;0%;;31 Juli 2024;https://www.idx.co.id/id/perusahaan-tercatat/kinerja-saham-tercatat-baru/;;;;;31 Juli 2024;https://www.idx.co.id/id/perusahaan-tercatat/kinerja-saham-tercatat-baru/
Closed;PPRI;;PT Paperocks Indonesia Tbk,;Basic Materials;Containers & Packaging;Pengembangan;140.0;Bergerak Dalam Bidang Perdagangan Besar Barang Dari Kertas Dan Karton;Ruko Cibubur Times Square Blok C 1 N0, 23, Jalan Alternatif Cibubur RT,001/RW,010, Kelurahan Jatikarya, Kecamatan Jatisampurna, Kota Bekasi, Jawa Barat 17435;https://paperocks.co.id/;275000000;25.58;IU;INDO CAPITAL SEKURITAS;20/07/2023;24/07/2023;130;150;02/08/2023;04/08/2023;04/08/2023;07/08/2023;08/08/2023;35%;"[{""code"": ""IU"", ""name"": ""INDO CAPITAL SEKURITAS"", ""percentage"": """"}]";PPRI-W;0.6;200.0;-;-;-;-;187.0;187.0;119.0;119.0;-21.0;-15.00%;112846600.0;-15%;-45%;-41%;-43%;;31 Juli 2024;https://www.idx.co.id/id/perusahaan-tercatat/kinerja-saham-tercatat-baru/;;;;;31 Juli 2024;https://www.idx.co.id/id/perusahaan-tercatat/kinerja-saham-tercatat-baru/
Closed;LMAX;;PT Lupromax Pelumas Indonesia Tbk;Consumer Cyclicals;Automotive Retail;Akselerasi;200.0;Bergerak dalam bidang usaha Pelumas dan Pelumas Aditif;Ruko Graha Boulevard Blok A No,15 Jl, Raya Gading Serpong Kec, Kelapa Dua,Tangerang, Banten, Indonesia - 15810;https://lupromax.co.id/;195000000;26.09;AH;SHINHAN SEKURITAS INDONESIA;21/07/2023;24/07/2023;160;200;02/08/2023;07/08/2023;07/08/2023;08/08/2023;09/08/2023;35%;"[{""code"": ""AH"", ""name"": ""SHINHAN SEKURITAS INDONESIA"", ""percentage"": """"}]";LMAX-W;0.5;180.0;-;-;-;-;200.0;220.0;180.0;220.0;20.0;10.00%;107316800.0;10%;46%;0%;-36%;;31 Juli 2024;https://www.idx.co.id/id/perusahaan-tercatat/kinerja-saham-tercatat-baru/;;;;;31 Juli 2024;https://www.idx.co.id/id/perusahaan-tercatat/kinerja-saham-tercatat-baru/
Closed;RSCH;;PT Charlie Hospital Semarang Tbk;Healthcare;Healthcare Providers;Pengembangan;115.0;Bergerak di bidang Aktivitas Rumah Sakit Swasta;Jl, Raya Ngabean Kav 1A, Kel, Ngabean, Kec, Boja Kab, Kendal, Jawa Tengah 51381;https://charliehospital.co.id/;530000000;20.0;AH;SHINHAN SEKURITAS INDONESIA;04/08/2023;08/08/2023;105;125;22/08/2023;24/08/2023;24/08/2023;25/08/2023;28/08/2023;35%;"[{""code"": ""AH"", ""name"": ""SHINHAN SEKURITAS INDONESIA"", ""percentage"": """"}, {""code"": ""SA"", ""name"": ""ELIT SUKSES SEKURITAS"", ""percentage"": """"}]";;0.0;;;;;;145.0;155.0;125.0;131.0;16.0;13.91%;895387300.0;14%;16%;5%;30%;;31 Juli 2024;https://www.idx.co.id/id/perusahaan-tercatat/kinerja-saham-tercatat-baru/;;;;;31 Juli 2024;https://www.idx.co.id/id/perusahaan-tercatat/kinerja-saham-tercatat-baru/
Closed;BABY;;PT Multitrend Indo Tbk,;Consumer Cyclicals;Apparel & Textile Retail;Pengembangan;266.0;Perdagangan Eceran Pakaian dan Mainan Anak;Gedung Menara Era Lt, 14-02 Jl, Senen Raya No, 135 – 137, Kel, Senen, Kec, Senen, Jakarta Pusat, Provinsi DKI Jakarta, 10410;https://kanmomultitrend.id/;534000000;20.01;AI;UOB KAY HIAN SEKURITAS;14/08/2023;22/08/2023;250;266;31/08/2023;05/09/2023;05/09/2023;06/09/2023;07/09/2023;25%;"[{""code"": ""AI"", ""name"": ""UOB KAY HIAN SEKURITAS"", ""percentage"": """"}]";;0.0;;;;;;300.0;332.0;258.0;290.0;24.0;9.02%;634943700.0;9%;-2%;2%;-43%;;31 Juli 2024;https://www.idx.co.id/id/perusahaan-tercatat/kinerja-saham-tercatat-baru/;;;;;31 Juli 2024;https://www.idx.co.id/id/perusahaan-tercatat/kinerja-saham-tercatat-baru/
Closed;AEGS;;PT Anugerah Spareparts Sejahtera Tbk;Consumer Cyclicals;Auto Parts & Equipment;Akselerasi;100.0;Industri Filter Kendaraan Bermotor yaitu Filter Oli dan Filter Bahan Bakar, serta Perdagangan Filter;Jalan Soekarno Hatta No, 134, Losari Kidul, Losari, Kab, Cirebon, Jawa Barat 45192;https://www.aegisfilter.co.id;400000000;39.76;AH;SHINHAN SEKURITAS INDONESIA;22/08/2023;24/08/2023;90;100;04/09/2023;07/09/2023;07/09/2023;08/09/2023;11/09/2023;35%;"[{""code"": ""AH"", ""name"": ""SHINHAN SEKURITAS INDONESIA"", ""percentage"": """"}]";AEGS-W;0.25;90.0;-;-;-;-;105.0;107.0;92.0;95.0;-5.0;-5.00%;280433800.0;-5%;-32%;-41%;-10%;;31 Juli 2024;https://www.idx.co.id/id/perusahaan-tercatat/kinerja-saham-tercatat-baru/;;;;;31 Juli 2024;https://www.idx.co.id/id/perusahaan-tercatat/kinerja-saham-tercatat-baru/
Closed;STRK;;PT Lovina Beach Brewery Tbk;Consumer Non-Cyclicals;Liquors;Pengembangan;100.0;Bergerak dalam bidang Industri Distribusi Minuman Beralkohol & Pengolahannya melalui Anak perusahaan;Jl, Tukad Banyu Poh 110 X, Sesetan Denpasar Selatan, 80223;https://lovinabeachbrewery.com/;1180000000;11.01;SH;ARTHA SEKURITAS INDONESIA;06/09/2023;20/09/2023;100;119;03/10/2023;06/10/2023;06/10/2023;09/10/2023;10/10/2023;35%;"[{""code"": ""SH"", ""name"": ""ARTHA SEKURITAS INDONESIA"", ""percentage"": """"}, {""code"": ""HD"", ""name"": ""KGI SEKURITAS INDONESIA"", ""percentage"": """"}, {""code"": ""PG"", ""name"": ""PANCA GLOBAL SEKURITAS"", ""percentage"": """"}]";STRK-W;2.75;250.0;-;-;-;-;135.0;135.0;135.0;135.0;35.0;35.00%;21620800.0;35%;128%;210%;-50%;;31 Juli 2024;https://www.idx.co.id/id/perusahaan-tercatat/kinerja-saham-tercatat-baru/;;;;;31 Juli 2024;https://www.idx.co.id/id/perusahaan-tercatat/kinerja-saham-tercatat-baru/
Closed;KOCI;;PT Kokoh Exa Nusantara Tbk;Properties & Real Estate;Real Estate Development & Management;Pengembangan;120.0;Konstruksi dan Real Estat;Jl, Raya Sukolilo, Tebul, Kwanyar, Bangkalan - 69163;https://www.kokohcity.com;450000000;10.19;PG;PANCA GLOBAL SEKURITAS;07/09/2023;12/09/2023;120;160;29/09/2023;04/10/2023;04/10/2023;05/10/2023;06/10/2023;35%;"[{""code"": ""PG"", ""name"": ""PANCA GLOBAL SEKURITAS"", ""percentage"": """"}]";KOCI-W;1.0;135.0;15;23;9;10;;142.0;84.0;84.0;-36.0;-30.00%;554147700.0;-30%;-43%;-58%;-52%;;31 Juli 2024;https://www.idx.co.id/id/perusahaan-tercatat/kinerja-saham-tercatat-baru/;;;;;31 Juli 2024;https://www.idx.co.id/id/perusahaan-tercatat/kinerja-saham-tercatat-baru/
Closed;IOTF;;PT Sumber Sinergi Makmur Tbk;Technology;Electronic Equipment & Instruments;Pengembangan;100.0;Distributor dan Instalasi Perangkat Global Positioning System (GPS) untuk Otomotif dan Logistik;Fox Logger Tower Jl, Cideng Barat nomor 31A, RT, 003/RW, 011, Kelurahan Cideng, Kecamatan Gambir, Jakarta Pusat 10150;https://www.foxlogger.co.id;1100000000;20.83;AH;SHINHAN SEKURITAS INDONESIA;14/09/2023;19/09/2023;100;120;29/09/2023;04/10/2023;04/10/2023;05/10/2023;06/10/2023;35%;"[{""code"": ""AH"", ""name"": ""SHINHAN SEKURITAS INDONESIA"", ""percentage"": """"}, {""code"": ""CP"", ""name"": ""KB VALBURY SEKURITAS"", ""percentage"": """"}]";IOTF-W;1.0;130.0;-;-;-;-;120.0;135.0;120.0;135.0;35.0;35.00%;104582900.0;35%;5%;9%;37%;;31 Juli 2024;https://www.idx.co.id/id/perusahaan-tercatat/kinerja-saham-tercatat-baru/;;;;;31 Juli 2024;https://www.idx.co.id/id/perusahaan-tercatat/kinerja-saham-tercatat-baru/
Closed;BREN;;PT Barito Renewables Energy Tbk;Infrastructures;Electric Utilities;Utama;780.0;Aktvitas perusahaan holding;Wisma Barito Pacific II, Lantai 23, Jl, Let, Jend, S, Parman Kav, 60, RT 010, RW 005, Slipi, Palmerah, Jakarta 11410, Indonesia;https://www.baritorenewables.co.id/;4015000000;3.0;NI;BNI SEKURITAS;18/09/2023;25/09/2023;670;780;03/10/2023;05/10/2023;05/10/2023;06/10/2023;09/10/2023;25%;"[{""code"": ""NI"", ""name"": ""BNI SEKURITAS"", ""percentage"": """"}, {""code"": ""TP"", ""name"": ""OCBC SEKURITAS INDONESIA"", ""percentage"": """"}]";;0.0;;;;;;975.0;975.0;975.0;975.0;195.0;25.00%;22298500.0;25%;203%;464%;788%;;31 Juli 2024;https://www.idx.co.id/id/perusahaan-tercatat/kinerja-saham-tercatat-baru/;;;;;31 Juli 2024;https://www.idx.co.id/id/perusahaan-tercatat/kinerja-saham-tercatat-baru/
Closed;KOKA;;PT Koka Indonesia Tbk;Materials;;Pengembangan;128.0;Jasa Konstruksi Gedung Industri, Bangunan Sipil dan Gedung Hunian;Jl. Sultan Iskandar Muda, No. 7, Lt. 3, Kebayoran Lama, Jakarta Selatan 12240;https://koka.co.id/en/beranda-en/;715333000;25.0;AI;UOB KAY HIAN SEKURITAS;19/09/2023;26/09/2023;128;161;03/10/2023;09/10/2023;09/10/2023;10/10/2023;11/10/2023;35%;"[{""code"": ""AI"", ""name"": ""UOB KAY HIAN SEKURITAS"", ""percentage"": """"}, {""code"": ""HD"", ""name"": ""KGI SEKURITAS INDONESIA"", ""percentage"": """"}]";;0.0;;;;;;172.0;172.0;135.0;170.0;42.0;32.81%;883830600.0;33%;-13%;-52%;-47%;;31 Juli 2024;https://www.idx.co.id/id/perusahaan-tercatat/kinerja-saham-tercatat-baru/;;;;;31 Juli 2024;https://www.idx.co.id/id/perusahaan-tercatat/kinerja-saham-tercatat-baru/
Closed;LOPI;;PT Logisticsplus International Tbk;Transportation & Logistic;Logistics & Deliveries;Akselerasi;100.0;Bergerak di Bidang Jasa Pengurusan Transportasi (Freight Forwarding);SAV Building Jl, Kavling Polri No, 20 Jagakarsa, Jakarta Selatan 12620, Indonesia;https://www.logisticsplus.co.id;300000000;27.27;SA;ELIT SUKSES SEKURITAS;20/09/2023;22/09/2023;100;150;03/10/2023;09/10/2023;09/10/2023;10/10/2023;11/10/2023;35%;"[{""code"": ""SA"", ""name"": ""ELIT SUKSES SEKURITAS"", ""percentage"": """"}]";LOPI-W;0.5;200.0;-;-;-;-;90.0;90.0;90.0;90.0;-10.0;-10.00%;18156700.0;-10%;-14%;-30%;-47%;;31 Juli 2024;https://www.idx.co.id/id/perusahaan-tercatat/kinerja-saham-tercatat-baru/;;;;;31 Juli 2024;https://www.idx.co.id/id/perusahaan-tercatat/kinerja-saham-tercatat-baru/
Closed;PTPS;;PT PULAU SUBUR TBK;Industrials;Agricultural & Farm Machinery;Pengembangan;198.0;Perseroan bergerak dalam bidang Perkebunan Buah Kelapa Sawit;Jl A, Yani No,12 ABC, RT23 RW023 14 Ulu, Seberang Ulu Dua, Palembang;https://www.pulausubur.com;450000000;20.76;XA;NH KORINDO SEKURITAS INDONESIA;20/09/2023;22/09/2023;198;206;03/10/2023;05/10/2023;05/10/2023;06/10/2023;09/10/2023;35%;"[{""code"": ""XA"", ""name"": ""NH KORINDO SEKURITAS INDONESIA"", ""percentage"": """"}]";PTPS-W;0.5;218.0;-;-;-;-;;256.0;129.0;129.0;-69.0;-34.85%;483657000.0;-35%;-47%;-30%;-10%;;31 Juli 2024;https://www.idx.co.id/id/perusahaan-tercatat/kinerja-saham-tercatat-baru/;;;;;31 Juli 2024;https://www.idx.co.id/id/perusahaan-tercatat/kinerja-saham-tercatat-baru/
Closed;UDNG;;PT Agro Bahari Nusantara Tbk;Consumer Non-Cyclicals;Fish, Meat, & Poultry;Akselerasi;100.0;Bergerak di bidang Budidaya Tambak Udang;Ruko Shibuya Unit SHC 012 – PIK 2 Jl, Marina Indah Raya No,1 Kel, Lemo, Kec, Teluknaga Tangerang – Banten 15510;https://abn.farm/;500000000;28.57;EP;MNC SEKURITAS;06/10/2023;12/10/2023;90;100;23/10/2023;27/10/2023;27/10/2023;30/10/2023;31/10/2023;35%;"[{""code"": ""EP"", ""name"": ""MNC SEKURITAS"", ""percentage"": """"}, {""code"": ""BQ"", ""name"": ""KOREA INVESTMENT AND SEKURITAS INDONESIA"", ""percentage"": """"}]";UDNG-W;0.8;105.0;-;-;-;-;90.0;110.0;90.0;110.0;10.0;10.00%;39068300.0;10%;-5%;20%;-36%;;31 Juli 2024;https://www.idx.co.id/id/perusahaan-tercatat/kinerja-saham-tercatat-baru/;;;;;31 Juli 2024;https://www.idx.co.id/id/perusahaan-tercatat/kinerja-saham-tercatat-baru/
Closed;RGAS;;PT Kian Santang Muliatama Tbk;Energy;Oil, Gas & Coal Equipment & Services;Pengembangan;120.0;Perdagangan Besar Mesin Peralatan dan Perlengkapan Lainnya, Instalasi Mekanikal, Instalasi Gas;Jl, Wibawa Mukti II Perum Telkom Satwika Permai Blok A5 No, 8, RT, 009 RW, 009 Kel, Jatiluhur, Kec, Jatiasih, Bekasi, 17425;https://kianmulia.com/;334200000;22.9;AO;ERDIKHA ELIT SEKURITAS;16/10/2023;18/10/2023;115;122;02/11/2023;06/11/2023;06/11/2023;07/11/2023;08/11/2023;35%;"[{""code"": ""AO"", ""name"": ""ERDIKHA ELIT SEKURITAS"", ""percentage"": """"}]";RGAS-W;0.6;210.0;-;-;-;-;124.0;150.0;120.0;125.0;5.0;4.17%;545672700.0;4%;-8%;-13%;-21%;;31 Juli 2024;https://www.idx.co.id/id/perusahaan-tercatat/kinerja-saham-tercatat-baru/;;;;;31 Juli 2024;https://www.idx.co.id/id/perusahaan-tercatat/kinerja-saham-tercatat-baru/
Closed;MSTI;;PT Mastersystem Infotama Tbk,;Technology;IT Services & Consulting;Utama;1355.0;Solusi, integrasi dan pemeliharaan sistem teknologi informasi;Gedung Sudirman 7-8 Tower I Lt,25 Jl, Jend, Sudirman Kav, 7-8 Jakarta Pusat 10220;https://www.mastersystem.co.id/;470823600;15.0;PD;INDO PREMIER SEKURITAS;20/10/2023;26/10/2023;1355;1595;02/11/2023;06/11/2023;06/11/2023;07/11/2023;08/11/2023;25%;"[{""code"": ""PD"", ""name"": ""INDO PREMIER SEKURITAS"", ""percentage"": """"}]";;0.0;;;;;;;1690.0;1390.0;1450.0;95.0;7.01%;186085200.0;7%;2%;0%;11%;;31 Juli 2024;https://www.idx.co.id/id/perusahaan-tercatat/kinerja-saham-tercatat-baru/;;;;;31 Juli 2024;https://www.idx.co.id/id/perusahaan-tercatat/kinerja-saham-tercatat-baru/
Closed;IKPM;;PT Ikapharmindo Putramas Tbk;Healthcare;Pharmaceuticals;Pengembangan;165.0;Bergerak Dalam Bidang Usaha Industri Farmasi, Personal Care;Kl, Pulogadung Raya No,29 Kawasan Industri Pulogadung Jakarta Timur, 13930 Indonesia;https://www.ikapharmindo.com;336932500;20.0;TP;OCBC SEKURITAS INDONESIA;23/10/2023;30/10/2023;160;180;02/11/2023;06/11/2023;06/11/2023;07/11/2023;08/11/2023;35%;"[{""code"": ""TP"", ""name"": ""OCBC SEKURITAS INDONESIA"", ""percentage"": """"}]";;0.0;;;;;;;222.0;174.0;181.0;16.0;9.70%;480204600.0;10%;5%;16%;52%;;31 Juli 2024;https://www.idx.co.id/id/perusahaan-tercatat/kinerja-saham-tercatat-baru/;;;;;31 Juli 2024;https://www.idx.co.id/id/perusahaan-tercatat/kinerja-saham-tercatat-baru/
Closed;AYAM;;PT Janu Putra Sejahtera Tbk;Consumer Non-Cyclicals;Fish, Meat, & Poultry;Pengembangan;100.0;Bergerak dalam bidang usaha Peternakan dan Rumah Potong Ayam;Ruko Casa Grande No,35, Jl, Ringroad Utara, Maguwoharjo, Depok, Sleman, D,I Yogyakarta;https://januputrasejahtera.com/;800000000;20.0;AI;UOB KAY HIAN SEKURITAS;10/11/2023;16/11/2023;100;110;24/11/2023;28/11/2023;28/11/2023;29/11/2023;30/11/2023;35%;"[{""code"": ""AI"", ""name"": ""UOB KAY HIAN SEKURITAS"", ""percentage"": """"}]";;0.0;;;;;;135.0;135.0;135.0;135.0;35.0;35.00%;166391600.0;35%;11%;10%;7%;;31 Juli 2024;https://www.idx.co.id/id/perusahaan-tercatat/kinerja-saham-tercatat-baru/;;;;;31 Juli 2024;https://www.idx.co.id/id/perusahaan-tercatat/kinerja-saham-tercatat-baru/
Closed;SURI;;PT Maja Agung Latexindo Tbk;Healthcare;Healthcare Supplies & Distributions;Pengembangan;170.0;Bergerak Dalam Bidang Produsen Sarung Tangan Latex;Jalan Utama No 98 Desa Pujimulyo, Kecamatan Sunggal, Kabupaten Deli Serdang, Sumatera Utara 20352;https://www.malgloves.com;1266875000;20.0;AH;SHINHAN SEKURITAS INDONESIA;13/11/2023;15/11/2023;160;170;01/12/2023;05/12/2023;05/12/2023;06/12/2023;07/12/2023;35%;"[{""code"": ""AH"", ""name"": ""SHINHAN SEKURITAS INDONESIA"", ""percentage"": """"}]";;0.0;;;;;;165.0;190.0;160.0;162.0;-8.0;-4.71%;196563200.0;-5%;-4%;-1%;-18%;;31 Juli 2024;https://www.idx.co.id/id/perusahaan-tercatat/kinerja-saham-tercatat-baru/;;;;;31 Juli 2024;https://www.idx.co.id/id/perusahaan-tercatat/kinerja-saham-tercatat-baru/
Closed;ASLI;;PT Asri Karya Lestari Tbk;Infrastructures;Heavy Constructions & Civil Engineering;Pengembangan;100.0;Perseroan bergerak dalam bidang General Contractor khususnya pekerjaan pondasi, erection, bekisting;Ruko Sentra Niaga Kalimalang B2 No3 Jl, Jend, Ahmad Yani, Bekasi, Jawa Barat 17144;https://www.asrikaryalestari.co.id;1250000000;20.0;XA;NH KORINDO SEKURITAS INDONESIA;12/12/2023;18/12/2023;100;130;29/12/2023;03/01/2024;03/01/2024;04/01/2024;05/01/2024;35%;"[{""code"": ""XA"", ""name"": ""NH KORINDO SEKURITAS INDONESIA"", ""percentage"": """"}]";;0.0;;;;;;125.0;133.0;70.0;89.0;-11.0;-11.00%;1954842300.0;-11%;-39%;-49%;-50%;;31 Juli 2024;https://www.idx.co.id/id/perusahaan-tercatat/kinerja-saham-tercatat-baru/;;;;;31 Juli 2024;https://www.idx.co.id/id/perusahaan-tercatat/kinerja-saham-tercatat-baru/
Closed;CGAS;;PT Citra Nusantara Gemilang Tbk;Energy;Oil & Gas Storage & Distribution;Pengembangan;338.0;Perdagangan dan Distribusi Gas Alam;Jl, Kalimalang No,126, Tegal Gede, Kelurahan Pasirsari, Kecamatan Cikarang Selatan, Kabupaten Bekasi, Provinsi Jawa Barat 17530 Indonesia;https://cng.co.id/;531429000;30.0;PO;PILARMAS INVESTINDO SEKURITAS;14/12/2023;19/12/2023;284;338;02/01/2024;04/01/2024;04/01/2024;05/01/2024;08/01/2024;25%;"[{""code"": ""PO"", ""name"": ""PILARMAS INVESTINDO SEKURITAS"", ""percentage"": """"}]";CGAS-W;0.5;306.0;25;204;20;187;422.0;422.0;288.0;422.0;84.0;24.85%;595805000.0;25%;46%;-46%;-61%;;31 Juli 2024;https://www.idx.co.id/id/perusahaan-tercatat/kinerja-saham-tercatat-baru/;;;;;31 Juli 2024;https://www.idx.co.id/id/perusahaan-tercatat/kinerja-saham-tercatat-baru/
Closed;MANG;;PT Manggung Polahraya Tbk;Infrastructures;Heavy Constructions & Civil Engineering;Akselerasi;100.0;Jasa Konstruksi Gedung, Pembangunan Infrastruktur Jalan, Produksi Aspal Hot Mix & Beton Ready Mix;Jl, Pondok Pinang Raya No,1, Kebayoran Lama, Jakarta Selatan, DKI Jakarta 12310;https://www.manggungpolahraya.co.id/;762500000;20.0;PG;PANCA GLOBAL SEKURITAS;14/12/2023;18/12/2023;90;110;03/01/2024;09/01/2024;09/01/2024;10/01/2024;11/01/2024;35%;"[{""code"": ""PG"", ""name"": ""PANCA GLOBAL SEKURITAS"", ""percentage"": """"}]";MANG-W;0.3;125.0;20;50;9;10;110.0;110.0;90.0;90.0;-10.0;-10.00%;45662500.0;-10%;-28%;7%;30%;;31 Juli 2024;https://www.idx.co.id/id/perusahaan-tercatat/kinerja-saham-tercatat-baru/;;;;;31 Juli 2024;https://www.idx.co.id/id/perusahaan-tercatat/kinerja-saham-tercatat-baru/
Closed;ACRO;;PT Samcro Hyosung Adilestari Tbk;Consumer Cyclicals;Textiles;Pengembangan;108.0;Bergerak dalam industri dan perdagangan Hook dan Loop;Jl, Raya Serang KM 17,2 Desa Bojong Kecamatan Cikupa, Kabupaten Tangerang Banten, 15710;https://www.samcro.co.id;693828000;20.0;AI;UOB KAY HIAN SEKURITAS;15/12/2023;22/12/2023;103;108;03/01/2024;09/01/2024;09/01/2024;10/01/2024;11/01/2024;35%;"[{""code"": ""AI"", ""name"": ""UOB KAY HIAN SEKURITAS"", ""percentage"": """"}]";ACRO-W;0.333333333;186.0;30;83;30;40;145.0;145.0;118.0;145.0;37.0;34.26%;469814000.0;34%;-1%;-15%;-22%;;31 Juli 2024;https://www.idx.co.id/id/perusahaan-tercatat/kinerja-saham-tercatat-baru/;;;;;31 Juli 2024;https://www.idx.co.id/id/perusahaan-tercatat/kinerja-saham-tercatat-baru/
Closed;NICE;;PT Adhi Kartiko Pratama Tbk,;Basic Materials;Diversified Metals & Minerals;Pengembangan;438.0;Bergerak dalam Pertambangan Bijih Nikel;;https://www.akp.co.id;1216404000;20.0;AI;UOB KAY HIAN SEKURITAS;15/12/2023;21/12/2023;430;530;03/01/2024;05/01/2024;05/01/2024;08/01/2024;09/01/2024;25%;"[{""code"": ""AI"", ""name"": ""UOB KAY HIAN SEKURITAS"", ""percentage"": """"}, {""code"": ""CP"", ""name"": ""KB VALBURY SEKURITAS"", ""percentage"": """"}, {""code"": ""LG"", ""name"": ""TRIMEGAH SEKURITAS INDONESIA TBK"", ""percentage"": """"}]";;0.0;;;;;;450.0;545.0;438.0;525.0;87.0;19.86%;317338600.0;20%;31%;19%;47%;;31 Juli 2024;https://www.idx.co.id/id/perusahaan-tercatat/kinerja-saham-tercatat-baru/;;;;;31 Juli 2024;https://www.idx.co.id/id/perusahaan-tercatat/kinerja-saham-tercatat-baru/
Closed;SMLE;;PT Sinergi Multi Lestarindo Tbk;Basic Materials;Basic Chemicals;Pengembangan;175.0;Perdagangan Bahan Kimia Khusus untuk Bahan Baku Makanan & Minuman, Perawatan Diri dan Kimia Industri;Business Park Kebon Jeruk Blok I 5-6, Jl, Raya Meruya Illir, Kav,88, Meruya Utara, Kembangan, Jakarta Barat 11620;https://www.ptsml.id;465625000;20.0;EP;MNC SEKURITAS;15/12/2023;22/12/2023;175;190;03/01/2024;08/01/2024;08/01/2024;09/01/2024;10/01/2024;35%;"[{""code"": ""EP"", ""name"": ""MNC SEKURITAS"", ""percentage"": """"}, {""code"": ""AO"", ""name"": ""ERDIKHA ELIT SEKURITAS"", ""percentage"": """"}]";SMLE-W;0.5;200.0;20;119;20;42;224.0;236.0;204.0;236.0;61.0;34.86%;99518200.0;35%;5%;-32%;-61%;;31 Juli 2024;https://www.idx.co.id/id/perusahaan-tercatat/kinerja-saham-tercatat-baru/;;;;;31 Juli 2024;https://www.idx.co.id/id/perusahaan-tercatat/kinerja-saham-tercatat-baru/
Closed;MSJA;;PT Multi Spunindo Jaya Tbk;Consumer Non-Cyclicals;Personal Care Products;Utama;300.0;Industri Nonwoven;Desa Jabaran, Kecamatan Balongbendo, Krian, Sidoarjo, Jawa Timur, Indonesia 61263;https://www.spunindo.com;882352900;15.0;OD;BRI DANAREKSA SEKURITAS;18/12/2023;21/12/2023;250;350;03/01/2024;08/01/2024;08/01/2024;09/01/2024;10/01/2024;25%;"[{""code"": ""OD"", ""name"": ""BRI DANAREKSA SEKURITAS"", ""percentage"": """"}, {""code"": ""LS"", ""name"": ""RELIANCE SEKURITAS INDONESIA TBK"", ""percentage"": """"}]";;0.0;;;;;;;372.0;282.0;346.0;46.0;15.33%;658989300.0;15%;25%;13%;-3%;;31 Juli 2024;https://www.idx.co.id/id/perusahaan-tercatat/kinerja-saham-tercatat-baru/;;;;;31 Juli 2024;https://www.idx.co.id/id/perusahaan-tercatat/kinerja-saham-tercatat-baru/
Closed;GRPH;;PT Griptha Putra Persada Tbk;Consumer Cyclicals;Hotels, Resorts & Cruise Lines;Pengembangan;103.0;Bergerak di Bidang Hotel Bintang, Restoran, dan MICE,;Jl, AKBP R, Agil Kusumadya No, 100, Jati Wetan, Kecamatan Jati, Kabupaten Kudus, Jawa Tengah 59346, Indonesia,;https://www.griptha.com;200000000;20.0;SA;ELIT SUKSES SEKURITAS;20/12/2023;28/12/2023;100;105;12/01/2024;16/01/2024;16/01/2024;17/01/2024;18/01/2024;35%;"[{""code"": ""SA"", ""name"": ""ELIT SUKSES SEKURITAS"", ""percentage"": """"}]";;0.0;;;;;;80.0;134.0;67.0;118.0;15.0;14.56%;1764119400.0;15%;-17%;-45%;-51%;;31 Juli 2024;https://www.idx.co.id/id/perusahaan-tercatat/kinerja-saham-tercatat-baru/;;;;;31 Juli 2024;https://www.idx.co.id/id/perusahaan-tercatat/kinerja-saham-tercatat-baru/
Closed;SMGA;;PT Sumber Mineral Global Abadi Tbk;Basic Materials;Diversified Metals & Minerals;Pengembangan;105.0;Bergerak dalam bidang Perdagangan Besar Bijih Nikel dan Batubara;Graha BIP Lantai 2, Jl, Gatot Subroto Kav, 23, Jakarta Selatan 12930, Indonesia;https://www.smgagroup.com;1750000000;20.0;MI;VICTORIA SEKURITAS INDONESIA;08/01/2024;11/01/2024;100;105;24/01/2024;26/01/2024;26/01/2024;29/01/2024;30/01/2024;35%;"[{""code"": ""MI"", ""name"": ""VICTORIA SEKURITAS INDONESIA"", ""percentage"": """"}]";;0.0;;;;;;141.0;141.0;112.0;141.0;36.0;34.29%;2140050800.0;34%;10%;-3%;-12%;;31 Juli 2024;https://www.idx.co.id/id/perusahaan-tercatat/kinerja-saham-tercatat-baru/;;;;;31 Juli 2024;https://www.idx.co.id/id/perusahaan-tercatat/kinerja-saham-tercatat-baru/
Closed;UNTD;;PT Terang Dunia Internusa Tbk,;Consumer Cyclicals;Sport Equipment & Hobbies Goods;Pengembangan;240.0;Bergerak di Industri Sepeda dan Industri Sepeda Motor Roda Dua dan Tiga,;Jl, Alam Sutera Boulevard No, kav, 12A, Pakulonan, Kec, Serpong utara, Kota Tangerang Selatan, Banten 15325;https://www.TerangDuniaInternusa.com;1666666700;25.0;YP;MIRAE ASSET SEKURITAS INDONESIA;11/01/2024;22/01/2024;170;240;01/02/2024;05/02/2024;05/02/2024;06/02/2024;07/02/2024;25%;"[{""code"": ""YP"", ""name"": ""MIRAE ASSET SEKURITAS INDONESIA"", ""percentage"": """"}, {""code"": ""OD"", ""name"": ""BRI DANAREKSA SEKURITAS"", ""percentage"": """"}]";;0.0;;;;;;280.0;280.0;232.0;232.0;-8.0;-3.33%;808881000.0;-3%;-27%;-28%;;;31 Juli 2024;https://www.idx.co.id/id/perusahaan-tercatat/kinerja-saham-tercatat-baru/;;;;;31 Juli 2024;https://www.idx.co.id/id/perusahaan-tercatat/kinerja-saham-tercatat-baru/
Closed;TOSK;;PT Topindo Solusi Komunika Tbk;Technology;Online Applications & Services;Pengembangan;125.0;Platform Teknologi untuk Tujuan Komersil;Jalan P, Diponegoro No, 19, Kel, Pasiran, Kec Singkawang Barat, Kota Singkawang, Prov Kalimantan Barat 79123;https://topindoku.co.id/;875000000;20.0;EP;MNC SEKURITAS;15/01/2024;19/01/2024;115;125;01/02/2024;05/02/2024;05/02/2024;06/02/2024;07/02/2024;35%;"[{""code"": ""EP"", ""name"": ""MNC SEKURITAS"", ""percentage"": """"}, {""code"": ""AO"", ""name"": ""ERDIKHA ELIT SEKURITAS"", ""percentage"": """"}]";TOSK-W;0.3;145.0;31;49;15;15;135.0;168.0;82.0;130.0;5.0;4.00%;2228650800.0;4%;-23%;-19%;;;31 Juli 2024;https://www.idx.co.id/id/perusahaan-tercatat/kinerja-saham-tercatat-baru/;;;;;31 Juli 2024;https://www.idx.co.id/id/perusahaan-tercatat/kinerja-saham-tercatat-baru/
Closed;ALII;;PT Ancara Logistics Indonesia Tbk;Energy;Coal Distribution;Utama;272.0;Jasa Pengangkutan Laut dan Transshipment, serta Intermediate Stockpile melalui Perusahaan Anak;Bakrie Tower Lantai 15, Komplek Rasuna Epicentrum, Jalan H,R, Rasuna Said, Kelurahan Karet Kuningan, Kecamatan Setiabudi, Kota Administrasi Jakarta Selatan, 12940;https://www.ancaralogistics.co.id;3165160000;20.0;KI;CIPTADANA SEKURITAS ASIA;17/01/2024;24/01/2024;268;278;01/02/2024;05/02/2024;05/02/2024;06/02/2024;07/02/2024;25%;"[{""code"": ""KI"", ""name"": ""CIPTADANA SEKURITAS ASIA"", ""percentage"": """"}, {""code"": ""IF"", ""name"": ""SAMUEL SEKURITAS INDONESIA"", ""percentage"": """"}]";;0.0;;;;;;304.0;340.0;268.0;340.0;68.0;25.00%;422588100.0;25%;45%;80%;;;31 Juli 2024;https://www.idx.co.id/id/perusahaan-tercatat/kinerja-saham-tercatat-baru/;;;;;31 Juli 2024;https://www.idx.co.id/id/perusahaan-tercatat/kinerja-saham-tercatat-baru/
Closed;MPIX;;PT Mitra Pedagang Indonesia Tbk;Technology;Online Applications & Services;Pengembangan;268.0;Penyedia Platform Digital untuk UMKM, dan E-Commerce,;Ruko Khayangan Residence Blok RA-11, Lantai 2, Jalan Halim Perdana Kusuma, Bangkalan 69119, Jawa Timur;https://www.mpstore.co.id;312500000;20.0;DR;RHB SEKURITAS INDONESIA;17/01/2024;24/01/2024;256;268;31/01/2024;05/02/2024;05/02/2024;06/02/2024;07/02/2024;25%;"[{""code"": ""DR"", ""name"": ""RHB SEKURITAS INDONESIA"", ""percentage"": """"}, {""code"": ""HD"", ""name"": ""KGI SEKURITAS INDONESIA"", ""percentage"": """"}]";MPIX-W;0.5;850.0;25;298;25;40;278.0;334.0;278.0;334.0;66.0;24.63%;65972900.0;25%;-50%;-35%;;;31 Juli 2024;https://www.idx.co.id/id/perusahaan-tercatat/kinerja-saham-tercatat-baru/;;;;;31 Juli 2024;https://www.idx.co.id/id/perusahaan-tercatat/kinerja-saham-tercatat-baru/
Closed;MEJA;;PT Harta Djaya Karya Tbk;Consumer Cyclicals;Home Furnishings;Akselerasi;103.0;Konsultansi Desain, Pelaksana Konstruksi Interior, Pabrikasi Furnitur;Jl, Bintaro Raya No,8A, Kby, Lama Selatan, Kec, Kby, Lama, Kota Jakarta Selatan, Daerah Khusus Ibukota Jakarta, Kode Pos: 12240;https://interra.co.id/;480000000;25.03;EP;MNC SEKURITAS;18/01/2024;24/01/2024;100;103;31/01/2024;06/02/2024;06/02/2024;07/02/2024;12/02/2024;35%;"[{""code"": ""EP"", ""name"": ""MNC SEKURITAS"", ""percentage"": """"}, {""code"": ""AO"", ""name"": ""ERDIKHA ELIT SEKURITAS"", ""percentage"": """"}]";MEJA-W;1.0;115.0;19;25;7;8;113.0;113.0;93.0;113.0;10.0;9.71%;264156600.0;10%;-2%;59%;;;31 Juli 2024;https://www.idx.co.id/id/perusahaan-tercatat/kinerja-saham-tercatat-baru/;;;;;31 Juli 2024;https://www.idx.co.id/id/perusahaan-tercatat/kinerja-saham-tercatat-baru/
Closed;MKAP;;PT Multikarya Asia Pasifik Raya Tbk;Energy;Oil, Gas & Coal Equipment & Services;Pengembangan;115.0;Manufaktur, Jasa Perdagangan, Penyewaan, Perbaikan, Suku Cadang Pompa Industri Migas & Pertambangan;Cibis Nine lt 16, JL TB Simatupang No 02, Jakarta Selatan, 12560, Indonesia;https://www.mkapr.co.id/;650000000;20.0;YJ;LOTUS ANDALAN SEKURITAS;18/01/2024;25/01/2024;105;120;02/02/2024;06/02/2024;06/02/2024;07/02/2024;12/02/2024;35%;"[{""code"": ""YJ"", ""name"": ""LOTUS ANDALAN SEKURITAS"", ""percentage"": """"}]";;0.0;;;;;;150.0;155.0;150.0;155.0;40.0;34.78%;27832900.0;35%;114%;107%;;;31 Juli 2024;https://www.idx.co.id/id/perusahaan-tercatat/kinerja-saham-tercatat-baru/;;;;;31 Juli 2024;https://www.idx.co.id/id/perusahaan-tercatat/kinerja-saham-tercatat-baru/
Closed;BAIK;;PT Bersama Mencapai Puncak Tbk;Consumer Cyclicals;Restaurants;Pengembangan;278.0;Mengelola rumah makan, kemitraan rumah makan, serta perdagangan bahan baku;Jl, Raya Regency Kav, 9 No, 5, Kabupaten Malang, Jawa Timur, 65153,;https://ptbersamamencapaipuncak.com/;225000000;20.0;EP;MNC SEKURITAS;19/01/2024;24/01/2024;268;278;02/02/2024;12/02/2024;12/02/2024;13/02/2024;15/02/2024;25%;"[{""code"": ""EP"", ""name"": ""MNC SEKURITAS"", ""percentage"": """"}, {""code"": ""HD"", ""name"": ""KGI SEKURITAS INDONESIA"", ""percentage"": """"}]";BAIK-W;1.0;400.0;33;40;9;10;346.0;346.0;210.0;210.0;-68.0;-24.46%;239082700.0;-24%;-56%;-65%;;;31 Juli 2024;https://www.idx.co.id/id/perusahaan-tercatat/kinerja-saham-tercatat-baru/;;;;;31 Juli 2024;https://www.idx.co.id/id/perusahaan-tercatat/kinerja-saham-tercatat-baru/
Closed;HYGN;;PT Ecocare Indo Pasifik Tbk;Industrials;Environmental & Facilities Services;Pengembangan;145.0;Jasa Pengelolaan dan Penyewaan alat-alat Higienitas dan Sanitasi Ruangan beserta produk pendukungnya;;https://www.ecocare.id/;525000000;20.79;HD;KGI SEKURITAS INDONESIA;19/01/2024;24/01/2024;135;145;01/02/2024;07/02/2024;07/02/2024;12/02/2024;13/02/2024;35%;"[{""code"": ""HD"", ""name"": ""KGI SEKURITAS INDONESIA"", ""percentage"": """"}]";;0.0;;;;;;;195.0;160.0;165.0;20.0;13.79%;517636800.0;14%;17%;3%;;;31 Juli 2024;https://www.idx.co.id/id/perusahaan-tercatat/kinerja-saham-tercatat-baru/;;;;;31 Juli 2024;https://www.idx.co.id/id/perusahaan-tercatat/kinerja-saham-tercatat-baru/
Closed;LIVE;;PT Homeco Victoria Makmur Tbk;Consumer Cyclicals;Household Appliances;Pengembangan;148.0;Perdagangan Besar Peralatan dan Perlengkapan Rumah Tangga;Jl, Kebon Jeruk Raya No, 1A-C, Kel, Kebon Jeruk Kec, Kebon Jeruk, Kota Adm, Jakarta Barat Provinsi DKI Jakarta, 11530, Indonesia;http://www.homeco.co.id;808350000;17.6;IF;SAMUEL SEKURITAS INDONESIA;19/01/2024;24/01/2024;136;181;02/02/2024;06/02/2024;06/02/2024;07/02/2024;12/02/2024;35%;"[{""code"": ""IF"", ""name"": ""SAMUEL SEKURITAS INDONESIA"", ""percentage"": """"}, {""code"": ""AR"", ""name"": ""BINAARTHA SEKURITAS"", ""percentage"": """"}]";;0.0;;;;;;158.0;199.0;150.0;174.0;26.0;17.57%;755036000.0;18%;16%;4%;;;31 Juli 2024;https://www.idx.co.id/id/perusahaan-tercatat/kinerja-saham-tercatat-baru/;;;;;31 Juli 2024;https://www.idx.co.id/id/perusahaan-tercatat/kinerja-saham-tercatat-baru/
Closed;VISI;;PT Satu Visi Putra Tbk;Industrials;Office Supplies;Pengembangan;120.0;Perdagangan Besar untuk Bahan Advertising dan Printing seperti Banner, Display, Tinta dan PVC Board;Jl, Greges Jaya II Blok B19 Kec, Asemrowo, Kel, Tambak Sarioso Kota Surabaya, Jawa Timur 60184;https://satuvisiputra.com/id/;615000000;20.0;SF;SURYA FAJAR SEKURITAS;29/01/2024;05/02/2024;110;120;21/02/2024;23/02/2024;23/02/2024;26/02/2024;27/02/2024;35%;"[{""code"": ""SF"", ""name"": ""SURYA FAJAR SEKURITAS"", ""percentage"": """"}]";;0.0;;;;;;;162.0;122.0;153.0;33.0;27.50%;947965200.0;28%;2%;42%;;;31 Juli 2024;https://www.idx.co.id/id/perusahaan-tercatat/kinerja-saham-tercatat-baru/;;;;;31 Juli 2024;https://www.idx.co.id/id/perusahaan-tercatat/kinerja-saham-tercatat-baru/
Closed;AREA;;PT Dunia Virtual Online Tbk;Technology;IT Services & Consulting;Pengembangan;131.0;Jasa penyewaan colocation dan aktivitas terkait lainnya;Jl, Raya Tapos No,31 Cimpaeun, Kec, Tapos, Kota Depok Jawa Barat 16459;https://www.area31.id;510000000;20.08;GR;PANIN SEKURITAS TBK,;05/03/2024;13/03/2024;121;131;21/03/2024;27/03/2024;27/03/2024;28/03/2024;01/04/2024;35%;"[{""code"": ""GR"", ""name"": ""PANIN SEKURITAS TBK"", ""percentage"": """"}]";;0.0;;;;;;152.0;171.0;116.0;139.0;8.0;6.11%;700397300.0;6%;-14%;-14%;;;31 Juli 2024;https://www.idx.co.id/id/perusahaan-tercatat/kinerja-saham-tercatat-baru/;;;;;31 Juli 2024;https://www.idx.co.id/id/perusahaan-tercatat/kinerja-saham-tercatat-baru/
Closed;ATLA;;PT Atlantis Subsea Indonesia Tbk;Energy;Oil, Gas & Coal Equipment & Services;Pengembangan;100.0;Bergerak dalam Bidang Survei dan Layanan untuk Perusahaan Energi;;https://www.atlantissubsea.com;1200000000;19.36;SH;ARTHA SEKURITAS INDONESIA;19/03/2024;22/03/2024;100;120;02/04/2024;04/04/2024;04/04/2024;05/04/2024;16/04/2024;35%;"[{""code"": ""SH"", ""name"": ""ARTHA SEKURITAS INDONESIA"", ""percentage"": """"}]";ATLA-W;1.45;300.0;20;60;17;48;132.0;135.0;132.0;135.0;35.0;35.00%;80462200.0;35%;164%;46%;;;31 Juli 2024;https://www.idx.co.id/id/perusahaan-tercatat/kinerja-saham-tercatat-baru/;;;;;31 Juli 2024;https://www.idx.co.id/id/perusahaan-tercatat/kinerja-saham-tercatat-baru/
Canceled;CABR-C1;;PT Cahaya Bumi Rezeki Tbk;Basic Materials;Diversified Forest;;;Bergerak Dalam Jasa Penunjang Pertanian Lainnya;Sentra Industri Terpadu Blok E2 nomor 18 Jl, Pantai Indah Selatan Jakarta - Indonesia, 14470;https://www.cahayabumirezeki.com;300000000;23.08;AH;SHINHAN SEKURITAS INDONESIA;19/03/2024;21/03/2024;95;100;;;;;;35%;"[{""code"": ""AH"", ""name"": ""SHINHAN SEKURITAS INDONESIA"", ""percentage"": """"}]";;0.0;;;;;;;;;;0.0;;;;;;;;31 Juli 2024;https://www.idx.co.id/id/perusahaan-tercatat/kinerja-saham-tercatat-baru/;;;;;31 Juli 2024;https://www.idx.co.id/id/perusahaan-tercatat/kinerja-saham-tercatat-baru/
Closed;MHKI;;PT Multi Hanna Kreasindo Tbk;Industrials;Environmental & Facilities Services;Pengembangan;160.0;Pengelolaan (treatment) Limbah Bahan Berbahaya dan Beracun (B3) dan Non B3 serta Perdagangan Besar;Jl, Raya Narogong Km 12, Pangkalan II No, 23, Cikiwul Kec, Bantar Gebang, Kota Bekasi, Jawa Barat 17152 Telepon: +62 21 8250196 Fax: +62 21 82601939;https://www.multihanna.co.id/;750000000;20.0;XA;NH KORINDO SEKURITAS INDONESIA;20/03/2024;22/03/2024;160;200;02/04/2024;04/04/2024;04/04/2024;05/04/2024;16/04/2024;35%;"[{""code"": ""XA"", ""name"": ""NH KORINDO SEKURITAS INDONESIA"", ""percentage"": """"}]";;0.0;;;;;;;216.0;136.0;216.0;56.0;35.00%;269193800.0;35%;91%;156%;;;31 Juli 2024;https://www.idx.co.id/id/perusahaan-tercatat/kinerja-saham-tercatat-baru/;;;;;31 Juli 2024;https://www.idx.co.id/id/perusahaan-tercatat/kinerja-saham-tercatat-baru/
Closed;DATA;;PT Remala Abadi Tbk;Technology;IT Services & Consulting;Pengembangan;188.0;ISP, jaringan tetap berbasis kabel/tanpa kabel, dan konsultasi IT;Graha Mustika Ratu Jalan Gatot Subroto No,74-75, Jakarta Selatan DKI Jakarta 12870;https://remala.id;275000000;20.0;AI;UOB KAY HIAN SEKURITAS;05/04/2024;22/04/2024;188;208;29/04/2024;03/05/2024;03/05/2024;06/05/2024;07/05/2024;35%;"[{""code"": ""AI"", ""name"": ""UOB KAY HIAN SEKURITAS"", ""percentage"": """"}]";;0.0;;;;;;252.0;252.0;230.0;252.0;64.0;34.04%;58562100.0;34%;132%;63%;;;31 Juli 2024;https://www.idx.co.id/id/perusahaan-tercatat/kinerja-saham-tercatat-baru/;;;;;31 Juli 2024;https://www.idx.co.id/id/perusahaan-tercatat/kinerja-saham-tercatat-baru/
Closed;SOLA;;PT Xolare RCR Energy Tbk;Basic Materials;Construction Materials;Pengembangan;110.0;Perdagangan Aspal, Industri Pengolahan Aspal dan Jasa Konstruksi;Gedung Plaza Simatupang Lt, 6, Jl, TB Simatupang Kav, IS No, 01 Pondok Pinang, Kebayoran Lama, Jakarta Selatan, DKI Jakarta 12310;https://www.xolare.co.id/;656250000;20.0;AI;UOB KAY HIAN SEKURITAS;16/04/2024;19/04/2024;100;110;02/05/2024;06/05/2024;06/05/2024;07/05/2024;08/05/2024;35%;"[{""code"": ""AI"", ""name"": ""UOB KAY HIAN SEKURITAS"", ""percentage"": """"}]";;0.0;;;;;;148.0;148.0;105.0;148.0;38.0;34.55%;1081629800.0;35%;72%;-55%;;;31 Juli 2024;https://www.idx.co.id/id/perusahaan-tercatat/kinerja-saham-tercatat-baru/;;;;;31 Juli 2024;https://www.idx.co.id/id/perusahaan-tercatat/kinerja-saham-tercatat-baru/
Closed;BATR;;PT Benteng Api Technic Tbk;Basic Materials;Construction Materials;Pengembangan;110.0;Manufaktur & Perdagangan produk Refraktori (Material Tahan Api) dan Insulasi Tahan Panas beserta J;Jl, Kebraon II No, 103 A, Surabaya, Jawa Timur 60222;https://bentengapi.com/;620000000;20.5;HD;KGI SEKURITAS INDONESIA;17/05/2024;21/05/2024;100;115;03/06/2024;06/06/2024;06/06/2024;07/06/2024;10/06/2024;35%;"[{""code"": ""HD"", ""name"": ""KGI SEKURITAS INDONESIA"", ""percentage"": """"}]";BATR-W;1.0;300.0;20;27;5;6;130.0;148.0;103.0;120.0;10.0;9.09%;1294170600.0;9%;-19%;-22%;;;31 Juli 2024;https://www.idx.co.id/id/perusahaan-tercatat/kinerja-saham-tercatat-baru/;;;;;31 Juli 2024;https://www.idx.co.id/id/perusahaan-tercatat/kinerja-saham-tercatat-baru/
Closed;SPRE;;PT Soraya Berjaya Indonesia Tbk;Consumer Cyclicals;Apparel & Textile Retail;Akselerasi;125.0;industri dan perdagangan barang jadi keperluan rumah tangga;Jl, Bandes, Keluarahan Aie Pacah, Kecamatan Koto Tangah, Kota Padang, Sumatera Barat 25176;https://sorayaberjaya.id/;240000000;30.0;EP;MNC SEKURITAS;10/06/2024;12/06/2024;120;130;27/06/2024;01/07/2024;01/07/2024;02/07/2024;03/07/2024;35%;"[{""code"": ""EP"", ""name"": ""MNC SEKURITAS"", ""percentage"": """"}]";;0.0;;;;;;128.0;137.0;127.0;137.0;12.0;9.60%;102716300.0;10%;41%;;;;31 Juli 2024;https://www.idx.co.id/id/perusahaan-tercatat/kinerja-saham-tercatat-baru/;;;;;31 Juli 2024;https://www.idx.co.id/id/perusahaan-tercatat/kinerja-saham-tercatat-baru/
Closed;BLES;;PT Superior Prima Sukses Tbk;Basic Materials;Construction Materials;Utama;183.0;Industri Bata Ringan dan Semen Mortar;;https://superiorprimasukses.com;1313824000;15.0;YJ;LOTUS ANDALAN SEKURITAS;11/06/2024;20/06/2024;175;185;01/07/2024;04/07/2024;04/07/2024;05/07/2024;08/07/2024;35%;"[{""code"": ""YJ"", ""name"": ""LOTUS ANDALAN SEKURITAS"", ""percentage"": """"}]";;0.0;;;;;;246.0;246.0;224.0;246.0;63.0;34.43%;103621400.0;34%;41%;;;;31 Juli 2024;https://www.idx.co.id/id/perusahaan-tercatat/kinerja-saham-tercatat-baru/;;;;;31 Juli 2024;https://www.idx.co.id/id/perusahaan-tercatat/kinerja-saham-tercatat-baru/
Closed;ISEA;;PT Indo American Seafoods Tbk;Consumer Non-Cyclicals;Processed Foods;Pengembangan;250.0;Industri Pembekuan Biota Air Lainnya, Industri Makanan dan Masakan Olahan, Industri Berbasis Daging;Jl, Ir, Sutami KM 13, Desa Sukanegara, Kecamatan Tanjung Bintang, Kabupaten Lampung Selatan, Provinsi Lampung, Indonesia – 35361,;https://www.indoamericanseafoods.com/;290000000;20.86;CP;KB VALBURY SEKURITAS;14/06/2024;24/06/2024;220;250;01/07/2024;04/07/2024;04/07/2024;05/07/2024;08/07/2024;25%;"[{""code"": ""CP"", ""name"": ""KB VALBURY SEKURITAS"", ""percentage"": """"}]";ISEA-W;0.5;226.0;23;123;20;60;268.0;312.0;250.0;312.0;62.0;24.80%;340905900.0;25%;41%;;;;31 Juli 2024;https://www.idx.co.id/id/perusahaan-tercatat/kinerja-saham-tercatat-baru/;;;;;31 Juli 2024;https://www.idx.co.id/id/perusahaan-tercatat/kinerja-saham-tercatat-baru/
Closed;PART;;PT Cipta Perdana Lancar Tbk;Consumer Cyclicals;Auto Parts & Equipment;Pengembangan;105.0;Perseroan bergerak di bidang Manufaktur Komponen Suku Cadang Otomotif, Elektronik dan Sanitasi;Jl, Prabu Siliwangi KM 0,5 Keroncong, Kec, Jatiuwung, Kota Tangerang Banten 15134;https://www.ciptaperdanalancar.com;680000000;25.0;EP;MNC SEKURITAS;14/06/2024;24/06/2024;100;105;01/07/2024;03/07/2024;03/07/2024;04/07/2024;05/07/2024;35%;"[{""code"": ""EP"", ""name"": ""MNC SEKURITAS"", ""percentage"": """"}, {""code"": ""AO"", ""name"": ""ERDIKHA ELIT SEKURITAS"", ""percentage"": """"}, {""code"": ""CP"", ""name"": ""KB VALBURY SEKURITAS"", ""percentage"": """"}]";PART-W;1.0;110.0;20;22;12;12;138.0;141.0;114.0;131.0;26.0;24.76%;431682700.0;25%;23%;;;;31 Juli 2024;https://www.idx.co.id/id/perusahaan-tercatat/kinerja-saham-tercatat-baru/;;;;;31 Juli 2024;https://www.idx.co.id/id/perusahaan-tercatat/kinerja-saham-tercatat-baru/
Closed;LABS;;PT UBC Medical Indonesia Tbk;Healthcare;Healthcare Equipment;Pengembangan;102.0;Distributor Alat Kesehatan;Kawasan Industri Pulogadung, Jl, Rawagelam V, Blok L, No Kav 11-13, Kel, Jatinegara Kec, Cakung Jakarta Timur, Jakarta;https://www.ubcindonesia.com;700000000;17.72;YJ;LOTUS ANDALAN SEKURITAS;19/06/2024;26/06/2024;100;105;02/07/2024;08/07/2024;08/07/2024;09/07/2024;10/07/2024;35%;"[{""code"": ""YJ"", ""name"": ""LOTUS ANDALAN SEKURITAS"", ""percentage"": """"}]";;0.0;;;;;;137.0;137.0;137.0;137.0;35.0;34.31%;13204100.0;34%;76%;;;;31 Juli 2024;https://www.idx.co.id/id/perusahaan-tercatat/kinerja-saham-tercatat-baru/;;;;;31 Juli 2024;https://www.idx.co.id/id/perusahaan-tercatat/kinerja-saham-tercatat-baru/
Closed;GOLF;;PT Intra GolfLink Resorts Tbk;Consumer Cyclicals;Recreational & Sports Facilities;Utama;200.0;Bergerak Dalam Bidang Jasa Konsultasi Manajemen dan Pengelolaan Lapangan Golf, Pengembangan Properti;Desa Kadumanggu, Kecamatan Madang Bogor 16810 – Jawa Barat;https://www.golflinkresorts.co.id/id;1950000000;10.01;IF;SAMUEL SEKURITAS INDONESIA;20/06/2024;25/06/2024;200;230;02/07/2024;04/07/2024;04/07/2024;05/07/2024;08/07/2024;35%;"[{""code"": ""IF"", ""name"": ""SAMUEL SEKURITAS INDONESIA"", ""percentage"": """"}, {""code"": ""CP"", ""name"": ""KB VALBURY SEKURITAS"", ""percentage"": """"}, {""code"": ""LG"", ""name"": ""TRIMEGAH SEKURITAS INDONESIA TBK"", ""percentage"": """"}, {""code"": ""MG"", ""name"": ""SEMESTA INDOVEST SEKURITAS"", ""percentage"": """"}]";;0.0;;;;;;270.0;270.0;216.0;270.0;70.0;35.00%;1150773200.0;35%;15%;;;;31 Juli 2024;https://www.idx.co.id/id/perusahaan-tercatat/kinerja-saham-tercatat-baru/;;;;;31 Juli 2024;https://www.idx.co.id/id/perusahaan-tercatat/kinerja-saham-tercatat-baru/
Closed;GUNA;;PT, Gunanusa Eramandiri Tbk,;Consumer Non-Cyclicals;Processed Foods;Pengembangan;150.0;Industri makanan dari kedele dan kacang-kacangan lainnya bukan kecap, tempe dan tahu;Kawasan Industri BIIE Hyundai Jl, Inti I Kav, 3 No, 3 Kelurahan Cibatu, Kecamatan Cikarang Selatan, Kabupaten Bekasi, Provinsi Jawa Barat 17550;https://www.gunanusaeramandiri.com;500000000;20.0;GR;PANIN SEKURITAS TBK,;20/06/2024;26/06/2024;100;150;02/07/2024;05/07/2024;05/07/2024;08/07/2024;09/07/2024;35%;"[{""code"": ""GR"", ""name"": ""PANIN SEKURITAS TBK"", ""percentage"": """"}]";;0.0;;;;;;202.0;202.0;202.0;202.0;52.0;34.67%;19080500.0;35%;95%;;;;31 Juli 2024;https://www.idx.co.id/id/perusahaan-tercatat/kinerja-saham-tercatat-baru/;;;;;31 Juli 2024;https://www.idx.co.id/id/perusahaan-tercatat/kinerja-saham-tercatat-baru/
Closed;DOSS;;PT Global Sukses Digital Tbk;Consumer Cyclicals;Electronics Retail;Pengembangan;135.0;Perdagangan Eceran Alat Fotografi dan Perlengkapannya;Jl, Tebah No, 4,, Kel, Gunung, Kec, Kebayoran Baru, Jakarta Selatan;https://www.globalsuksesdigital.com;450000000;26.09;IF;SAMUEL SEKURITAS INDONESIA;22/07/2024;26/07/2024;130;135;01/08/2024;05/08/2024;05/08/2024;06/08/2024;07/08/2024;35%;"[{""code"": ""IF"", ""name"": ""SAMUEL SEKURITAS INDONESIA"", ""percentage"": """"}]";;0.0;;;;;;182.0;182.0;182.0;182.0;47.0;34.81%;6761400.0;;;;;;31 Juli 2024;https://www.idx.co.id/id/perusahaan-tercatat/kinerja-saham-tercatat-baru/;;;;;31 Juli 2024;https://www.idx.co.id/id/perusahaan-tercatat/kinerja-saham-tercatat-baru/
Closed;NEST;;PT Esta Indonesia Tbk;Consumer Non-Cyclicals;Fish, Meat, & Poultry;Pengembangan;200.0;Bergerak dalam bidang Pembibitan dan Budidaya Burung Walet dan Perdagangan Besar Sarang Burung Walet;Terboyo Industri II/2, Terboyo Megah Industri, Semarang 50112 - Indonesia;https://www.estaindonesia.co.id;822500000;20.0;HD;KGI SEKURITAS INDONESIA;22/07/2024;24/07/2024;160;200;01/08/2024;06/08/2024;06/08/2024;07/08/2024;08/08/2024;35%;"[{""code"": ""HD"", ""name"": ""KGI SEKURITAS INDONESIA"", ""percentage"": """"}]";;0.0;;;;;;260.0;270.0;244.0;270.0;70.0;35.00%;495349600.0;;;;;;31 Juli 2024;https://www.idx.co.id/id/perusahaan-tercatat/kinerja-saham-tercatat-baru/;;;;;31 Juli 2024;https://www.idx.co.id/id/perusahaan-tercatat/kinerja-saham-tercatat-baru/
Postpone;GWAA;;PT Golden Westindo Artajaya Tbk;Consumer Non-Cyclicals;Food Retail & Distributors;;;Perdagangan Pakan Pembenihan Udang dan Ikan, Pakan Ikan Hias, Peralatan Akuarium dan Pakan Beku Ikan;Puri Indah Financial Tower Lt, 20 Unit 09 – 11 Jl, Puri Lingkar Dalam Blok T,8 RT 001/RW 002, Kembangan Selatan Kec, Kembangan, Kota Jakarta Barat DKI Jakarta 11610;https://www.goldenwestindo.com/;685714300;30.0;AH;SHINHAN SEKURITAS INDONESIA;10/09/2024;18/09/2024;100;120;;;;11/09/2024;12/09/2024;35%;"[{""code"": ""AH"", ""name"": ""SHINHAN SEKURITAS INDONESIA"", ""percentage"": """"}]";;0.0;;;;;;;;;;;;;;;;;;31 Juli 2024;https://www.idx.co.id/id/perusahaan-tercatat/kinerja-saham-tercatat-baru/;;;;;31 Juli 2024;https://www.idx.co.id/id/perusahaan-tercatat/kinerja-saham-tercatat-baru/
Closed;VERN;;PT Verona Indah Pictures Tbk;Consumer Cyclicals;Entertainment & Movie Production;Pengembangan;195.0;Aktivitas Produksi, Pasca Produksi, serta Distribusi Film, Video, dan Program Televisi oleh Swasta;Graha Arteri Mas , Jalan Panjang No,68, Kav,38-39, Kel, Kedoya Selatan, Kec, Kebon Jeruk, Jakarta Barat, DKI Jakarta;https://www.veronapictures.co.id/;1121650000;23.54;AI;UOB KAY HIAN SEKURITAS;18/09/2024;25/09/2024;190;195;02/10/2024;04/10/2024;04/10/2024;07/10/2024;08/10/2024;35%;"[{""code"": ""AI"", ""name"": ""UOB KAY HIAN SEKURITAS"", ""percentage"": """"}]";VERN-W;0.5;216.0;33;50;11;12;262.0;262.0;199.0;200.0;5.0;2.56%;664290100.0;;;;;;31 Juli 2024;https://www.idx.co.id/id/perusahaan-tercatat/kinerja-saham-tercatat-baru/;;;;;31 Juli 2024;https://www.idx.co.id/id/perusahaan-tercatat/kinerja-saham-tercatat-baru/
Closed;PTMR;;PT Master Print Tbk;Basic Materials;Containers & Packaging;Pengembangan;128.0;Bergerak dalam bidang perdagangan sebagai distributor resmi dan penyewaan barang-barang industri pen;;https://www.masterprint.co.id;435000000;22.81;RG;PROFINDO SEKURITAS INDONESIA;20/09/2024;24/09/2024;125;135;02/10/2024;04/10/2024;04/10/2024;07/10/2024;08/10/2024;35%;"[{""code"": ""RG"", ""name"": ""PROFINDO SEKURITAS INDONESIA"", ""percentage"": """"}]";;0.0;;;;;;172.0;172.0;135.0;137.0;9.0;7.03%;570375900.0;;;;;;31 Juli 2024;https://www.idx.co.id/id/perusahaan-tercatat/kinerja-saham-tercatat-baru/;;;;;31 Juli 2024;https://www.idx.co.id/id/perusahaan-tercatat/kinerja-saham-tercatat-baru/
Closed;DAAZ;;PT Daaz Bara Lestari Tbk;Basic Materials;Diversified Metals & Minerals;;880.0;Perdagangan besar logam dan bijih logam, dan aktivitas perusahaan holding;Gedung Office 8, SCBD Lot 28, Lantai 21 Unit E dan F, Jl. Senopati No. 8B, Desa/Kelurahan Senayan, Kec. Kebayoran Baru, Kota Adm. Jakarta Selatan, Provinsi DKI Jakarta, Kode Pos: 12190.;https://www.daaz-group.com;300000000;15.02;HP;HENAN PUTIHRAI SEKURITAS;11/10/2024;18/10/2024;835;900;01/11/2024;07/11/2024;07/11/2024;08/11/2024;11/11/2024;25%;"[{""code"": ""HP"", ""name"": ""HENAN PUTIHRAI SEKURITAS"", ""percentage"": """"}]";;0.0;;;;;;1000.0;1100.0;1000.0;1100.0;220.0;25.00%;1924800.0;;;;;;31 Juli 2024;https://www.idx.co.id/id/perusahaan-tercatat/kinerja-saham-tercatat-baru/;;;;;31 Juli 2024;https://www.idx.co.id/id/perusahaan-tercatat/kinerja-saham-tercatat-baru/
Closed;BOAT;;PT NEWPORT MARINE SERVICES TBK;Energy;Oil, Gas & Coal Equipment & Services;;100.0;Sewa dan Menyewa Kapal Untuk Menunjang Kegiatan Lepas Pantai;Thamrin Residences - Office Park Unit C18 Thamrin Boulevard (Kebon Kacang Raya) Jakarta Pusat, 10230 Telepon +6221 23579928 Fax +6221 23579927;https://nms-ina.com/;1000480000;28.57;OD;BRI DANAREKSA SEKURITAS;21/10/2024;25/10/2024;100;120;04/11/2024;08/11/2024;08/11/2024;11/11/2024;12/11/2024;35%;"[{""code"": ""OD"", ""name"": ""BRI DANAREKSA SEKURITAS"", ""percentage"": """"}]";;0.0;;;;;;130.0;135.0;112.0;135.0;35.0;35.00%;750166000.0;;;;;;31 Juli 2024;https://www.idx.co.id/id/perusahaan-tercatat/kinerja-saham-tercatat-baru/;;;;;31 Juli 2024;https://www.idx.co.id/id/perusahaan-tercatat/kinerja-saham-tercatat-baru/
Closed;NAIK;;PT Adiwarna Anugerah Abadi Tbk;Industrials;Diversified Industrial Trading;;107.0;Bergerak dalam bidang Perdagangan Sistem Proteksi Kebakaran dan Jasa Sistem Proteksi Kebakaran;Perkantoran Mutiara Taman Palem No. 53 Cengkareng Timur, Kec. Cengkareng, Kota Adm. Jakarta Barat, Prov. DKI Jakarta 11730, Indonesia.;https://www.adiwarna.co.id/;750000000;23.08;EP;MNC SEKURITAS;22/10/2024;24/10/2024;100;107;07/11/2024;11/11/2024;11/11/2024;12/11/2024;13/11/2024;35%;"[{""code"": ""EP"", ""name"": ""MNC SEKURITAS"", ""percentage"": """"}]";NAIK-W;0.5;135.0;28;62;19;21;144.0;144.0;128.0;144.0;37.0;34.58%;170459400.0;;;;;;31 Juli 2024;https://www.idx.co.id/id/perusahaan-tercatat/kinerja-saham-tercatat-baru/;;;;;31 Juli 2024;https://www.idx.co.id/id/perusahaan-tercatat/kinerja-saham-tercatat-baru/
Closed;AADI;;PT Adaro Andalan Indonesia Tbk;Energy;Coal Production;;5550.0;Perusahaan holding, perkebunan buah kelapa sawit, karet dan tanaman penghasil getah lainnya;Cyber 2 Tower Lantai 26 Jl. H.R. Rasuna Said Blok X-5, No.13 Jakarta 12950 - Indonesia;https://www.adaroindonesia.com;778689200;10.0;LG;TRIMEGAH SEKURITAS INDONESIA TBK;12/11/2024;18/11/2024;4590;5900;29/11/2024;03/12/2024;03/12/2024;04/12/2024;05/12/2024;20%;"[{""code"": ""LG"", ""name"": ""TRIMEGAH SEKURITAS INDONESIA TBK"", ""percentage"": """"}]";;0.0;;;;;;6650.0;6650.0;6650.0;6650.0;1100.0;19.82%;4593000.0;;;;;;31 Juli 2024;https://www.idx.co.id/id/perusahaan-tercatat/kinerja-saham-tercatat-baru/;;;;;31 Juli 2024;https://www.idx.co.id/id/perusahaan-tercatat/kinerja-saham-tercatat-baru/
Closed;MDIY;;PT Daya Intiguna Yasa Tbk;Consumer Non-Cyclicals;Household Products;;1650.0;Perdagangan eceran alat-alat rumah tangga, dan lainnya;Gedung AIA, Lantai 30, Jl. Jenderal Sudirman Kav. 48A , Jakarta Selatan, 12930;http://corporate-id.mrdiy.com;2519039400;10.0;CC;MANDIRI SEKURITAS;25/11/2024;03/12/2024;1650;1870;13/12/2024;17/12/2024;17/12/2024;18/12/2024;19/12/2024;25%;"[{""code"": ""CC"", ""name"": ""MANDIRI SEKURITAS"", ""percentage"": """"}, {""code"": ""C3"", ""name"": ""PT CIMB Niaga Sekuritas"", ""percentage"": """"}]";;;;;;;;1550.0;1900.0;1240.0;1690.0;40.0;2.42%;428916600.0;;;;;;31 Juli 2024;https://www.idx.co.id/id/perusahaan-tercatat/kinerja-saham-tercatat-baru/;;;;;31 Juli 2024;https://www.idx.co.id/id/perusahaan-tercatat/kinerja-saham-tercatat-baru/
Closed;DGWG;;PT Delta Giri Wacana Tbk;Basic Materials;Agricultural Chemicals;;230.0;Perdagangan Besar Pupuk dan Produk Agrokimia;Gedung DGW Group Jl. Agung Karya VI, Kav. A, No.7, Kelurahan Papanggo, Kecamatan Tanjung Priok, Kota Administrasi Jakarta Utara 14340, Provinsi DKI Jakarta;https://www.dgw.co.id/;882353000;15.0;OD;BRI DANAREKSA SEKURITAS;02/12/2024;20/12/2024;230;620;03/01/2025;09/01/2025;09/01/2025;10/01/2025;13/01/2025;25%;"[{""code"": ""OD"", ""name"": ""BRI DANAREKSA SEKURITAS"", ""percentage"": """"}, {""code"": ""AH"", ""name"": ""SHINHAN SEKURITAS INDONESIA"", ""percentage"": """"}, {""code"": ""IF"", ""name"": ""SAMUEL SEKURITAS INDONESIA"", ""percentage"": """"}]";;;;;;;;250.0;286.0;250.0;286.0;56.0;24.35%;259560500.0;;;;;;31 Juli 2024;https://www.idx.co.id/id/perusahaan-tercatat/kinerja-saham-tercatat-baru/;;;;;31 Juli 2024;https://www.idx.co.id/id/perusahaan-tercatat/kinerja-saham-tercatat-baru/
Closed;YOII;;PT Asuransi Digital Bersama Tbk;Financials;General Insurance;;100.0;Asuransi umum;Gedung Tamansari Parama Lt. 9 Jl. Wahid Hasyim Kav. 84?88 Jakarta 10340;https://adbinsure.com/;412087500;12.03;LS;RELIANCE SEKURITAS INDONESIA TBK;10/12/2024;18/12/2024;100;110;02/01/2025;06/01/2025;06/01/2025;07/01/2025;08/01/2025;35%;"[{""code"": ""LS"", ""name"": ""RELIANCE SEKURITAS INDONESIA TBK"", ""percentage"": ""1.0""}]";;;;;;;;120.0;135.0;112.0;135.0;35.0;35.00%;530888200.0;;;;;;31 Juli 2024;https://www.idx.co.id/id/perusahaan-tercatat/kinerja-saham-tercatat-baru/;;;;;31 Juli 2024;https://www.idx.co.id/id/perusahaan-tercatat/kinerja-saham-tercatat-baru/
Closed;CBDK;;PT Bangun Kosambi Sukses Tbk;Properties & Real Estate;Real Estate Development & Management;;4060.0;Bergerak dalam bidang Real Estat dan Aktivitas Perusahaan Holding;Jl. Inspeksi PIK 2, Terusan Jalan Perancis No.5 Tangerang 15211, Indonesia;http://www.cbdpik2.com/;566894500;10.0;LG;TRIMEGAH SEKURITAS INDONESIA TBK;13/12/2024;20/12/2024;3000;4060;03/01/2025;09/01/2025;09/01/2025;10/01/2025;13/01/2025;25%;"[{""code"": ""LG"", ""name"": ""TRIMEGAH SEKURITAS INDONESIA TBK"", ""percentage"": ""1.0""}]";;;;;;;;5075.0;5075.0;5075.0;5075.0;1015.0;25.00%;224900.0;;;;;;31 Juli 2024;https://www.idx.co.id/id/perusahaan-tercatat/kinerja-saham-tercatat-baru/;;;;;31 Juli 2024;https://www.idx.co.id/id/perusahaan-tercatat/kinerja-saham-tercatat-baru/
Closed;KSIX;;PT Kentanix Supra International Tbk;Properties & Real Estate;Real Estate Development & Management;;452.0;Bergerak dalam bidang pembangunan kawasan perumahan (real estate);Plaza Property, Komplek Pertokoan Pulomas Blok VIII No. 1 Jl. Perintis Kemerdekaan, Desa/Kelurahan Pulo Gadung, Kec. Pulogadung, Kota Adm. Jakarta Timur, Provinsi DKI Jakarta, Kode Pos: 13260;https://www.kentanix.com;320674800;15.0;AI;UOB KAY HIAN SEKURITAS;13/12/2024;20/12/2024;312;468;02/01/2025;06/01/2025;06/01/2025;07/01/2025;08/01/2025;25%;"[{""code"": ""AI"", ""name"": ""UOB KAY HIAN SEKURITAS"", ""percentage"": ""1.0""}]";;;;;;;;545.0;565.0;492.0;565.0;113.0;25.00%;85871200.0;;;;;;31 Juli 2024;https://www.idx.co.id/id/perusahaan-tercatat/kinerja-saham-tercatat-baru/;;;;;31 Juli 2024;https://www.idx.co.id/id/perusahaan-tercatat/kinerja-saham-tercatat-baru/
Closed;RATU;;PT Raharja Energi Cepu Tbk;Energy;Oil & Gas Production & Refinery;;1150.0;Aktivitas Perusahaan Holding;Office Park Thamrin Residence A01-05 Jl. Thamrin Boulevard, Kebon Melati, Kec. Tanah Abang Jakarta Pusat, DKI Jakarta Indonesia - 10230;https://rec.co.id;543010800;20.0;HP;HENAN PUTIHRAI SEKURITAS;17/12/2024;23/12/2024;900;1150;02/01/2025;06/01/2025;06/01/2025;07/01/2025;08/01/2025;25%;"[{""code"": ""HP"", ""name"": ""HENAN PUTIHRAI SEKURITAS"", ""percentage"": """"}, {""code"": ""AZ"", ""name"": ""SUCOR SEKURITAS"", ""percentage"": """"}]";;;;;;;;1435.0;1435.0;1435.0;1435.0;285.0;24.78%;632900.0;;;;;;31 Juli 2024;https://www.idx.co.id/id/perusahaan-tercatat/kinerja-saham-tercatat-baru/;;;;;31 Juli 2024;https://www.idx.co.id/id/perusahaan-tercatat/kinerja-saham-tercatat-baru/
Closed;BRRC;;PT Raja Roti Cemerlang Tbk;Consumer Non-Cyclicals;Processed Foods;;210.0;Produksi tepung roti (breadcrumbs);Kampung Pulo Kendal RT002/RW003, Kel. Setia Asih, Kec. Tarumajaya, Kab. Bekasi, Provinsi Jawa Barat 17215 Telepon: 021-29084611;https://www.rajaroticemerlang.com;291500000;30.01;XA;NH KORINDO SEKURITAS INDONESIA;18/12/2024;20/12/2024;200;210;03/01/2025;07/01/2025;07/01/2025;08/01/2025;09/01/2025;25%;"[{""code"": ""XA"", ""name"": ""NH KORINDO SEKURITAS INDONESIA"", ""percentage"": ""1.0""}]";;;;;;;;262.0;262.0;238.0;262.0;52.0;24.76%;431569700.0;;;;;;31 Juli 2024;https://www.idx.co.id/id/perusahaan-tercatat/kinerja-saham-tercatat-baru/;;;;;31 Juli 2024;https://www.idx.co.id/id/perusahaan-tercatat/kinerja-saham-tercatat-baru/
Closed;HGII;;PT Hero Global Investment Tbk;Infrastructures;Electric Utilities;;200.0;Bergerak dalam bidang aktivitas perusahaan holding di bidang energi baru terbarukan;Jl. Setiabudi Tengah No. 22 Kuningan, Setiabudi, Jakarta Selatan 12910, DKI Jakarta, Indonesia Tel. (+62 21) 522 7533 Fax. (+62 21) 525 0019;https://www.heroglobalinvestment.com;1300000000;20.0;TP;OCBC SEKURITAS INDONESIA;18/12/2024;23/12/2024;200;230;03/01/2025;07/01/2025;07/01/2025;08/01/2025;09/01/2025;25%;"[{""code"": ""TP"", ""name"": ""OCBC SEKURITAS INDONESIA"", ""percentage"": """"}, {""code"": ""AI"", ""name"": ""UOB KAY HIAN SEKURITAS"", ""percentage"": """"}]";;;;;;;;250.0;270.0;208.0;212.0;12.0;6.00%;795262600.0;;;;;;31 Juli 2024;https://www.idx.co.id/id/perusahaan-tercatat/kinerja-saham-tercatat-baru/;;;;;31 Juli 2024;https://www.idx.co.id/id/perusahaan-tercatat/kinerja-saham-tercatat-baru/
Closed;OBAT;;PT Brigit Biofarmaka Teknologi Tbk;Healthcare;Pharmaceuticals;;350.0;Maklon Herbal, Kosmetik, dan Minuman Fungsional dan Botanikal.;Jalan Raya Tawangsari-Klaten, Rejosari, RT 01, RW 07, Kateguhan, Tawangsari, Kab. Sukoharjo, Jawa Tengah 57561. Telepon: 0271-5992141;https://brigit.co.id/;170000000;28.33;AD;OSO SEKURITAS INDONESIA;18/12/2024;23/12/2024;330;350;03/01/2025;09/01/2025;09/01/2025;10/01/2025;13/01/2025;25%;"[{""code"": ""AD"", ""name"": ""OSO SEKURITAS INDONESIA"", ""percentage"": ""1.0""}]";OBAT-W;0.5;350.0;30;101;30;90;398.0;436.0;384.0;436.0;86.0;24.57%;157338400.0;;;;;;31 Juli 2024;https://www.idx.co.id/id/perusahaan-tercatat/kinerja-saham-tercatat-baru/;;;;;31 Juli 2024;https://www.idx.co.id/id/perusahaan-tercatat/kinerja-saham-tercatat-baru/
Closed;KAQI;;PT Jantra Grupo Indonesia Tbk;Consumer Cyclicals;Auto Parts & Equipment;Development;118.0;Perawatan, perbaikan, dan perdagangan suku cadang dan aksesori kaki-kaki kendaraan;Jalan Raya Cirendeu No. 9, Pisangan, Kecamatan Ciputat Timur, Kota Tangerang Selatan, Banten 15419;http://www.jantragrupoindonesia.com;450000000;21.68;DR;RHB SEKURITAS INDONESIA;24/02/2025;26/02/2025;100;120;04/03/2025;06/03/2025;06/03/2025;07/03/2025;10/03/2025;35%;"[{""code"": ""DR"", ""name"": ""RHB SEKURITAS INDONESIA"", ""percentage"": ""100%""}]";-;0.0;0.0;-;-;-;-;145;159.0;118.0;159.0;41.0;34.75%;2450000.0;34.75%;-;-;-;-;10/03/2025;IDX;-;-;-;-;31/08/2024;Prospectus
Closed;MINE;;PT Sinar Terang Mandiri Tbk;Basic Materials;Diversified Metals & Minerals;Development;216.0;Aktivitas Penunjang Pertambangan dan Penggalian Lainnya;Treasury Tower, Lantai 5 Unit G, District 8 SCBD Lot 28 Jl. Jend. Sudirman Kav. 52-53, Kecamatan Kebayoran Baru Jakarta Selatan 12190;https://www.sinarterangmandiri.com;612665300;15;LG;TRIMEGAH SEKURITAS INDONESIA TBK;25/02/2025;27/02/2025;200;216;04/03/2025;06/03/2025;06/03/2025;07/03/2025;10/03/2025;35%;"[{""code"": ""LG"", ""name"": ""TRIMEGAH SEKURITAS INDONESIA TBK"", ""percentage"": ""100%""}]";-;0.0;0.0;-;-;-;-;270;270.0;216.0;270.0;54.0;25.00%;781200.0;25.00%;-;-;-;-;10/03/2025;IDX;-;-;40.8%;278.3%;31/08/2024;Prospectus
Closed;YUPI;;PT Yupi Indo Jelly Gum Tbk;Consumer Non-Cyclicals;Processed Foods;Main;2390.0;Industri Kembang Gula;Jl. Pancasila IV, Desa Cicadas, Kecamatan Gunung Putri, Kabupaten Bogor, 16964, Jawa Barat, Indonesia.;https://www.yupi.co.id;854448900;10;CC;MANDIRI SEKURITAS;06/03/2025;10/03/2025;2100;2500;19/03/2025;21/03/2025;21/03/2025;24/03/2025;25/03/2025;25%;"[{""code"": ""CC"", ""name"": ""MANDIRI SEKURITAS"", ""percentage"": ""-""}, {""code"": ""C3"", ""name"": ""PT CIMB NIAGA SEKURITAS"", ""percentage"": ""-""}, {""code"": ""TP"", ""name"": ""OCBC SEKURITAS INDONESIA"", ""percentage"": ""-""}]";-;0.0;0.0;-;-;-;-;2400;2400.0;2390.0;2400.0;10.0;0.42%;923051000.0;0.42%;-;-;-;-;25/03/2025;IDX;-;-;-;-;30/09/2024;Prospectus
Closed;MDLA;;PT Medela Potentia Tbk;Healthcare;Pharmaceuticals & Healthcare Research;Main;188.0;Distribusi dan pemasaran produk farmasi, produk kesehatan, dan alat kesehatan;Gedung Titan Center Lantai 3, Jl. Boulevard Bintaro Block B7/B1 No. 05, Bintaro Jaya Sektor 7, Tangerang Selatan 15224, Banten;https://www.medela-potentia.com;3500000000;25;CC;MANDIRI SEKURITAS;11/03/2025;17/03/2025;180;230;27/03/2025;11/04/2025;11/04/2025;14/04/2025;15/04/2025;25%;"[{""code"": ""CC"", ""name"": ""MANDIRI SEKURITAS"", ""percentage"": ""-""}]";-;0.0;0.0;-;-;-;-;210;234.0;185.0;204.0;16.0;8.51%;3517600.0;8.51%;-;-;-;-;15/04/2025;IDX;-;-;-;-;30/09/2024;Prospectus
Closed;FORE;;PT Fore Kopi Indonesia Tbk;Consumer Cyclicals;Hotels & Entertainment Services;Development;188.0;Penyediaan Minuman, Kedai Kopi (Fore Coffee), dan Toko Donat (Fore Donut);Gedung Graha Handaya, Unit C, Lantai 1, Jl. Raya Pejuangan No. 12A, Kebon Jeruk, Jakarta Barat 11530;https://fore.coffee;1880000000;21.08;CC;MANDIRI SEKURITAS;20/03/2025;26/03/2025;170;210;04/04/2025;09/04/2025;09/04/2025;11/04/2025;14/04/2025;35%;"[{""code"": ""CC"", ""name"": ""MANDIRI SEKURITAS"", ""percentage"": ""-""}, {""code"": ""HP"", ""name"": ""HENAN PUTIHRAI SEKURITAS"", ""percentage"": ""-""}]";-;0.0;0.0;-;-;-;-;252;252.0;188.0;252.0;64.0;34.04%;29680000.0;34.04%;-;-;-;54.60%;14/04/2025;IDX;-;-;135.0%;55.0%;31/12/2025;Financial Report
Closed;DKHH;;PT Cipta Sarana Medika Tbk;Healthcare;Healthcare Providers;Development;132.0;Rumah Sakit Swasta;Jl Siliwangi No. 139, Cibadak, Kec Cibadak, Kabupaten Sukabumi, Jawa Barat 43351;https://www.dkhhospitals.com;530000000;20.78;EP;MNC SEKURITAS;24/04/2025;28/04/2025;100;132;02/05/2025;06/05/2025;06/05/2025;07/05/2025;08/05/2025;35%;"[{""code"": ""EP"", ""name"": ""MNC SEKURITAS"", ""percentage"": ""100%""}]";DKHH-W;0.5;155.0;-;-;-;-;178;178.0;132.0;178.0;46.0;34.85%;5300000.0;34.85%;-;-;-;-14.71%;08/05/2025;IDX;-;-;36.5%;46.0%;31/03/2025;Prospectus
Closed;CDIA;;PT Chandra Daya Investasi Tbk;Infrastructures;Electric Utilities;Development;190.0;Aktivitas Perusahaan Holding dan Penyedia Solusi Infrastruktur Terintegrasi (Energi, Air, Kepelabuhanan, dan Logistik);Wisma Barito Pacific Tower A, Lt. 5, Jl. Let. Jend. S. Parman Kav. 62-63, Kel. Slipi, Kec. Palmerah, Jakarta Barat 11410;https://chandradaya-investasi.com;12482937500;10;HP;HENAN PUTIHRAI SEKURITAS;19/06/2025;24/06/2025;170;190;02/07/2025;07/07/2025;07/07/2025;08/07/2025;09/07/2025;35%;"[{""code"": ""HP"", ""name"": ""HENAN PUTIHRAI SEKURITAS"", ""percentage"": ""-""}, {""code"": ""DP"", ""name"": ""PT DBS VICKERS SEKURITAS INDONESIA"", ""percentage"": ""-""}, {""code"": ""LG"", ""name"": ""TRIMEGAH SEKURITAS INDONESIA TBK"", ""percentage"": ""-""}, {""code"": ""NI"", ""name"": ""PT BNI SEKURITAS"", ""percentage"": ""-""}, {""code"": ""SQ"", ""name"": ""PT BCA SEKURITAS"", ""percentage"": ""-""}, {""code"": ""TP"", ""name"": ""OCBC SEKURITAS INDONESIA"", ""percentage"": ""-""}]";-;0.0;0.0;-;-;-;-;256;2450.0;190.0;635.0;445.0;234.21%;3737400.0;34.74%;-;-;-;234.21%;26/06/2026;Google Finance;-;-;35.0%;1633.0%;31/12/2024;Prospectus
Closed;ASPR;;PT Asia Pramulia Tbk;Basic Materials;Containers & Packaging;Development;124.0;Industri Barang dari Plastik untuk Pengemasan (Rigid Packaging);Jl. Raya Kedung Asem No.9, Kedung Baruk, Kec. Rungkut, Surabaya, Jawa Timur 60298;http://www.asiapramulia.com;812000000;29.94;XA;NH KORINDO SEKURITAS INDONESIA;23/06/2025;25/06/2025;118;124;02/07/2025;04/07/2025;04/07/2025;07/07/2025;08/07/2025;35%;"[{""code"": ""XA"", ""name"": ""NH KORINDO SEKURITAS INDONESIA"", ""percentage"": ""-""}, {""code"": ""PG"", ""name"": ""PANCA GLOBAL SEKURITAS"", ""percentage"": ""-""}]";-;0.0;0.0;-;-;-;-;167;620.0;85.0;167.0;43.0;34.68%;0.0;34.68%;-24.75%;-39.43%;46.08%;50.51%;26/06/2026;TradingView;19.8%;25.0%;-9.8%;-31.0%;31/12/2024;Prospectus
Closed;BLOG;;PT Trimitra Trans Persada Tbk;Transportation & Logistic;Logistics & Deliveries;Main;250.0;Jasa Logistik Terintegrasi (B-LOG);Alfa Tower, Lantai 28, Jl. Jalur Sutera Barat Kav. 7-9, Alam Sutera, Tangerang, Banten, Indonesia;https://b-log.co.id;563247900;16.67;SQ;PT BCA SEKURITAS;23/06/2025;25/06/2025;240;270;02/07/2025;08/07/2025;08/07/2025;09/07/2025;10/07/2025;25%;"[{""code"": ""SQ"", ""name"": ""PT BCA SEKURITAS"", ""percentage"": ""100%""}]";-;0.0;0.0;-;-;-;-;312;930.0;250.0;328.0;78.0;31.20%;0.0;24.80%;5.03%;-14.36%;-26.43%;33.60%;26/06/2026;TradingView;-;-;23.0%;29.14%;31/12/2025;Financial Report
Closed;CHEK;;PT Diastika Biotekindo Tbk;Healthcare;Healthcare Equipment;Development;128.0;Distributor Alat Kesehatan dan Alat Laboratorium;Kawasan Industri Pulogadung, Jl. Rawagelam V, Blok L, No Kav 11-13, Kel. Jatinegara Kec. Cakung Jakarta Timur, Jakarta;https://diastika.co.id;815000000;20.04;YJ;LOTUS ANDALAN SEKURITAS;23/06/2025;25/06/2025;120;140;02/07/2025;08/07/2025;08/07/2025;09/07/2025;10/07/2025;35%;"[{""code"": ""YJ"", ""name"": ""LOTUS ANDALAN SEKURITAS"", ""percentage"": ""100%""}]";-;0.0;0.0;-;-;-;-;172;240.0;111.0;124.0;-4.0;-3.13%;1110000.0;34.38%;0.00%;1.68%;-26.79%;-3.13%;26/06/2026;TradingView;-;-;-;-;31/12/2024;Prospectus
Closed;COIN;;PT Indokripto Koin Semesta Tbk;Financials;Financial Holdings;Development;100.0;Holding serta Bursa Berjangka & Aset Kripto dan Jasa Kustodian Aset Kripto melalui Perusahaan Anak;CFX Tower Lantai 8, Jalan Jenderal Gatot Subroto Kav. 35-36, Kuningan Timur, Setiabudi, Jakarta Selatan 12950;https://indokriptokoinsemesta.co.id;2205882400;15;KI;PT CIPTADANA SEKURITAS ASIA;23/06/2025;25/06/2025;100;105;02/07/2025;07/07/2025;07/07/2025;08/07/2025;09/07/2025;35%;"[{""code"": ""KI"", ""name"": ""PT CIPTADANA SEKURITAS ASIA"", ""percentage"": ""100%""}]";-;0.0;0.0;-;-;-;-;135.0;4800.0;135.0;690.0;590.0;590.00%;4007000.0;35.00%;-12.66%;-16.36%;-80.78%;411.11%;26/06/2026;Yahoo Finance;-;-;100.0%;100.0%;31/12/2024;Prospectus
Closed;PSAT;;PT Pancaran Samudera Transport Tbk;Transportation & Logistic;Passenger Marine Transportation;Main;900.0;Bidang Angkutan Laut Dalam Negeri untuk Barang Umum dan Barang Khusus dan Perusahaan Holding;Gedung Kirana Three Lantai 11 (Bella Terra), Jl. Boulevard Raya Kav. 1, Kelurahan Kelapa Gading, Kota Jakarta Utara, Provinsi DKI Jakarta 14240;https://www.pancaran-samudera.co.id;222353000;15;LG;TRIMEGAH SEKURITAS INDONESIA TBK;23/06/2025;25/06/2025;850;900;02/07/2025;04/07/2025;04/07/2025;07/07/2025;08/07/2025;25%;"[{""code"": ""LG"", ""name"": ""TRIMEGAH SEKURITAS INDONESIA TBK"", ""percentage"": ""-""}, {""code"": ""SQ"", ""name"": ""PT BCA SEKURITAS"", ""percentage"": ""-""}]";-;0.0;0.0;-;-;-;-;1125;3410.0;640.0;860.0;-40.0;-4.44%;0.0;25.00%;193.30%;73.30%;54.40%;-4.44%;26/06/2026;Sectors.app;-;-;9.9%;-;31/12/2025;Financial Report
Closed;MERI;;PT Merry Riana Edukasi Tbk;Consumer Cyclicals;Education Services;Development;128.0;Pendidikan sebagai Lembaga Kursus dan Pelatihan serta Pusat Pengembangan Diri Anak dan Remaja;Gedung Bursa Efek Indonesia, Tower 1, Lantai 6, Jalan Jendral Sudirman Kav 52-53, Jakarta Selatan 12190;https://www.merryriana.com;235132500;22.72;YJ;LOTUS ANDALAN SEKURITAS;24/06/2025;26/06/2025;110;150;02/07/2025;08/07/2025;08/07/2025;09/07/2025;10/07/2025;35%;"[{""code"": ""YJ"", ""name"": ""LOTUS ANDALAN SEKURITAS"", ""percentage"": ""100%""}]";-;0.0;0.0;-;-;-;-;172.0;700.0;87.0;115.0;-13.0;-10.15%;783700.0;34.38%;-5.50%;-8.20%;-45.10%;-10.15%;26/06/2026;Sectors.app;-;-;1.55%;-52.70%;31/12/2025;Financial Report
Closed;PMUI;;PT Prima Multi Usaha Indonesia Tbk;Consumer Cyclicals;Consumer Distributors;Development;180.0;Perdagangan Besar Telekomunikasi dan Aktivitas Konsultasi Manajemen;Gedung Grha Prima Indonesia, Jl. Tuparev No. 87 A, Kabupaten Cirebon, Jawa Barat 45113;https://www.pmui.co.id;1160000000;20;BQ;KOREA INVESTMENT AND SEKURITAS INDONESIA;24/06/2025;26/06/2025;160;180;02/07/2025;08/07/2025;08/07/2025;09/07/2025;10/07/2025;35%;"[{""code"": ""BQ"", ""name"": ""KOREA INVESTMENT AND SEKURITAS INDONESIA"", ""percentage"": ""100%""}]";-;0.0;0.0;-;-;-;-;242;242.0;180.0;242.0;62.0;-34.44%;12500000.0;-34.44%;-;-;-;-;26/06/2026;IDX;-;-;-;-;31/12/2024;Prospectus
Closed;EMAS;;PT Merdeka Gold Resources Tbk;Basic Materials;Gold;Development;2880.0;Pertambangan emas dan mineral pengikutnya, pemrosesan, serta aktivitas usaha terkait lainnya yang terintegrasi secara vertikal (Proyek Emas Pani);Treasury Tower Lantai 67, District 8, SCBD Lot 28, Jl. Jend. Sudirman Kav. 52-53, Jakarta Selatan 12190;https://merdekacoppergold.com;1618023300;10;LG;TRIMEGAH SEKURITAS INDONESIA TBK;03/09/2025;09/09/2025;2500;2900;17/09/2025;19/09/2025;19/09/2025;22/09/2025;23/09/2025;25%;"[{""code"": ""LG"", ""name"": ""TRIMEGAH SEKURITAS INDONESIA TBK"", ""percentage"": ""-""}, {""code"": ""DH"", ""name"": ""PT SINARMAS SEKURITAS"", ""percentage"": ""-""}, {""code"": ""PD"", ""name"": ""PT INDO PREMIER SEKURITAS"", ""percentage"": ""-""}]";-;0.0;0.0;-;-;-;-;3600.0;10175.0;3100.0;6125.0;3245.0;112.67%;21652600.0;25.00%;-13.12%;-19.41%;9.87%;70.14%;26/06/2026;Yahoo Finance;-;-;-;-;31/12/2025;Prospectus
Closed;PJHB;;PT Pelayaran Jaya Hidup Baru Tbk;Transportation & Logistic;Logistics & Deliveries;Development;330.0;Angkutan Laut Perairan Pelabuhan Dalam Negeri untuk Barang berupa Alat Berat dan Kontainer;Jl. Panglima Batur No. 36, Pelabuhan, Kec. Samarinda Kota, Kota Samarinda, Prov. Kalimantan Timur, Kode Pos: 75112;https://www.pelayaranjayahidupbaru.com;480000000;25;PO;PILARMAS INVESTINDO SEKURITAS;22/10/2025;27/10/2025;310;330;31/10/2025;04/11/2025;04/11/2025;05/11/2025;06/11/2025;35%;"[{""code"": ""PO"", ""name"": ""PILARMAS INVESTINDO SEKURITAS"", ""percentage"": ""100%""}]";PJHB-W;0.5;0.0;-;-;-;-;164.0;1085.0;134.0;160.0;-4.0;-2.44%;571700.0;-2.44%;-9.60%;-25.93%;-65.52%;-51.52%;26/06/2026;IDX;-;-;-;-;31/12/2024;Prospectus
Closed;RLCO;;PT Abadi Lestari Indonesia Tbk;Consumer Non-Cyclicals;Processed Foods;Development;168.0;Pengolahan dan Pencucian Sarang Burung Walet serta Perdagangan Produk Kesehatan melalui Entitas Anak (Portofolio Realfood);Jl. Raya Bojonegoro – Babat, Desa Balenrejo, Kecamatan Balen, Kabupaten Bojonegoro, Jawa Timur 62182;https://realco-ali.com;625000000;20;IF;SAMUEL SEKURITAS INDONESIA;24/11/2025;26/11/2025;150;168;02/12/2025;04/12/2025;04/12/2025;05/12/2025;08/12/2025;35%;"[{""code"": ""IF"", ""name"": ""SAMUEL SEKURITAS INDONESIA"", ""percentage"": ""100%""}]";-;0.0;0.0;-;-;-;-;226.0;8700.0;168.0;3760.0;3592.0;2138.10%;0.0;34.52%;-15.20%;-40.31%;2138.10%;2138.10%;26/06/2026;Sectors.app;-;-;-;-;30/06/2025;Prospectus
Closed;SUPA;;PT Super Bank Indonesia Tbk;Financials;Banks;Development;635.0;Penyediaan layanan perbankan digital (Digital Banking Services);Gedung Millennium Centennial Center Lantai 23-25, Jl. Jenderal Sudirman Kav. 25, Karet Kuningan, Setiabudi, Jakarta Selatan 12920;https://www.superbank.id;4406612300;13;CC;MANDIRI SEKURITAS;25/11/2025;01/12/2025;525;695;10/12/2025;15/12/2025;15/12/2025;16/12/2025;17/12/2025;25%;"[{""code"": ""CC"", ""name"": ""MANDIRI SEKURITAS"", ""percentage"": ""-""}, {""code"": ""BQ"", ""name"": ""KOREA INVESTMENT AND SEKURITAS INDONESIA"", ""percentage"": ""-""}]";-;0.0;0.0;-;-;-;-;635.0;680.0;520.0;525.0;-110.0;-17.32%;0.0;-4.00%;-12.61%;-39.53%;-41.90%;-17.32%;26/06/2026;TradingView;39.05%;163.72%;130.18%;148.15%;30/06/2025;Prospectus
Closed;WBSA;;PT BSA Logistics Indonesia Tbk;Transportation & Logistic;Logistics & Deliveries;Main;168.0;Bergerak Dalam Bidang Usaha Angkutan Multimoda, Pergudangan dan Penyimpanan, Aktivitas Cold Storage;Jl. Raya Cakung Cilincing KM 3 Kelurahan Cakung Barat, Kecamatan Cakung Jakarta Timur 13910;https://www.bsa-logistics.co.id;1800000000;20.75;MG;SEMESTA INDOVEST SEKURITAS;25/03/2026;27/03/2026;150;170;02/04/2026;08/04/2026;08/04/2026;09/04/2026;10/04/2026;35%;"[{""code"": ""MG"", ""name"": ""SEMESTA INDOVEST SEKURITAS"", ""percentage"": ""-""}, {""code"": ""TP"", ""name"": ""OCBC SEKURITAS INDONESIA"", ""percentage"": ""-""}, {""code"": ""IU"", ""name"": ""INDO CAPITAL SEKURITAS"", ""percentage"": ""-""}]";-;0.0;0.0;-;-;-;-;225.0;1605.0;225.0;695.0;527.0;313.69%;0.0;33.92%;-7.95%;-10.32%;313.69%;313.69%;26/06/2026;TradingView;-;-;1.58%;-;31/12/2025;Prospectus
Waiting For Offering;JELI;;PT Niramas Utama Tbk;Consumer Non-Cyclicals;Processed Foods;;;Bergerak dalam bidang Industri Makanan dan Minuman Penutup;Jl. Bekasi Tambun KM.39.5, Jatimulya, Kecamatan Tambun Selatan, Kabupaten Bekasi Jawa Barat, 17510 - Indonesia;https://inacofood.com/;350000000;25.93;AZ;SUCOR SEKURITAS;15/06/2026;22/06/2026;900;1120;01/07/2026;03/07/2026;03/07/2026;06/07/2026;07/07/2026;35%;"[{""code"": ""AZ"", ""name"": ""SUCOR SEKURITAS"", ""percentage"": ""100%""}]";-;0.0;0.0;-;-;-;-;-;0.0;0.0;0.0;0.0;0.00%;0.0;-;-;-;-;-;27/06/2026;IDX;-;-;-4.49%;220.0%;31/12/2025;Prospectus
Waiting For Offering;PRDL;;PT Prodia Diagnostic Line Tbk;Healthcare;Healthcare Equipment;;;Bergerak dalam bidang pembuatan dan pengolahan alat kesehatan terkait diagnosa medis;Kawasan Industri Jababeka III Jl. Tekno Boulevard Blok A3 Unit 3A-5-6 Jawa Barat, 17530 - Indonesia;https://www.proline.co.id;522900000;30.0;AZ;SUCOR SEKURITAS;;;100;120;;;;;;;;;;;;;;;;;;;;;;;;;;;;;;;;;;
Waiting For Offering;EMMI;;PT ESA MEDIKA MANDIRI TBK;Healthcare;Healthcare Providers;;;Bergerak dalam bidang akitvitas rumah sakit swasta dan aktivitas klinik swasta;Jl. Teuku Cik Ditiro No. 46, Menteng Jakarta Pusat, 10310 - Indonesia;https://www.jec.co.id;487983500;15.0;LG;TRIMEGAH SEKURITAS INDONESIA TBK;;;1200;1400;;;;;;;;;;;;;;;;;;;;;;;;;;;;;;;;;;
Waiting For Offering;JECX;;PT Nitrasanata Dharma Tbk;Healthcare;Healthcare Supplies & Distributions;;;Bergerak dalam perdagangan besar alat laboratorium, alat farmasi dan alat kedokteran untuk manusia;Esa 8 Building, Lantai 10 Jl. Ir.Sukarno No.Kav. 3 - 5, Paramount, Gading Serpong Tangerang, Banten – 15332;https://esamedikamandiri.com/;522857000;30.0;OD;BRI DANAREKSA SEKURITAS;;;446;515;;;;;;;;;;;;;;;;;;;;;;;;;;;;;;;;;;
Waiting For Offering;BACH;;PT Bach Multi Global Tbk.;Industrials;Diversified Industrial Trading;;;Penjualan dan Penyewaan Genset serta Jasa Konstruksi dan Pemeliharaan Infrastruktur Telekomunikasi;Wisma 81, Jalan Cideng Barat No. 81, Gambir, Jakarta Pusat, DKI Jakarta 10150;https://www.bachgroup.co.id/;615000000;15.06;AO;ERDIKHA ELIT SEKURITAS;;;400;500;;;;;;;;;;;;;;;;;;;;;;;;;;;;;;;;;;
Waiting For Offering;RANS;;PT Rans Entertainmen Indonesia Tbk;Consumer Cyclicals;Entertainment & Movie Production;;;Bergerak dalam bidang usaha media dan hiburan, Pengelolaan IP, & Perusahaan Holding;Komplek Bumi Serpong Damai, Blok CBD Lot VIII No. 12, Kelurahan Lengkong Gudang, Kecamatan Serpong, Tangerang Selatan, Banten 15321;https://www.ransentertainment.co.id;2525000000;20.02;LG;TRIMEGAH SEKURITAS INDONESIA TBK;;;135;170;;;;;;;;;;;;;;;;;;;;;;;;;;;;;;;;;;
